Multiplication is disabled after:, 4,
Fixed shift starts with, 0.125000,

=========================================================================================
Term:, 5, Threshold:, 0.125000, Fraction Width:, 8, MRE:, 0.026562, Coefficient:, 1.000000, 1.000000, 0.500000, 0.125000, -0.062500, , , , Order:, 0.000000, 1.000000, 2.000000, 3.000000, 4.000000, , , , 
Term:, 5, Threshold:, 0.250000, Fraction Width:, 8, MRE:, 0.010062, Coefficient:, 1.000000, 1.000000, 0.500000, 0.125000, -0.062500, , , , Order:, 0.000000, 1.000000, 2.000000, 3.000000, 4.000000, , , , 
Term:, 5, Threshold:, 0.375000, Fraction Width:, 8, MRE:, 0.003738, Coefficient:, 1.000000, 1.000000, 0.500000, 0.125000, 0.062500, , , , Order:, 0.000000, 1.000000, 2.000000, 3.000000, 4.000000, , , , 
Term:, 5, Threshold:, 0.500000, Fraction Width:, 8, MRE:, 0.003792, Coefficient:, 1.000000, 1.000000, 0.500000, 0.125000, 0.062500, , , , Order:, 0.000000, 1.000000, 2.000000, 3.000000, 4.000000, , , , 
Term:, 5, Threshold:, 0.625000, Fraction Width:, 8, MRE:, 0.003802, Coefficient:, 1.000000, 1.000000, 0.500000, 0.125000, 0.062500, , , , Order:, 0.000000, 1.000000, 2.000000, 3.000000, 4.000000, , , , 
Term:, 5, Threshold:, 0.750000, Fraction Width:, 8, MRE:, 0.003802, Coefficient:, 1.000000, 1.000000, 0.500000, 0.125000, 0.062500, , , , Order:, 0.000000, 1.000000, 2.000000, 3.000000, 4.000000, , , , 
Term:, 5, Threshold:, 0.875000, Fraction Width:, 8, MRE:, 0.003802, Coefficient:, 1.000000, 1.000000, 0.500000, 0.125000, 0.062500, , , , Order:, 0.000000, 1.000000, 2.000000, 3.000000, 4.000000, , , , 


=========================================================================================
Term:, 5, Threshold:, 0.125000, Fraction Width:, 12, MRE:, 0.025700, Coefficient:, 1.000000, 1.000000, 0.500000, 0.125000, -0.062500, , , , Order:, 0.000000, 1.000000, 2.000000, 3.000000, 4.000000, , , , 
Term:, 5, Threshold:, 0.250000, Fraction Width:, 12, MRE:, 0.008313, Coefficient:, 1.000000, 1.000000, 0.500000, 0.125000, -0.062500, , , , Order:, 0.000000, 1.000000, 2.000000, 3.000000, 4.000000, , , , 
Term:, 5, Threshold:, 0.375000, Fraction Width:, 12, MRE:, 0.001549, Coefficient:, 1.000000, 1.000000, 0.500000, 0.125000, -0.062500, , , , Order:, 0.000000, 1.000000, 2.000000, 3.000000, 4.000000, , , , 
Term:, 5, Threshold:, 0.500000, Fraction Width:, 12, MRE:, 0.000926, Coefficient:, 1.000000, 1.000000, 0.500000, 0.125000, 0.062500, , , , Order:, 0.000000, 1.000000, 2.000000, 3.000000, 4.000000, , , , 
Term:, 5, Threshold:, 0.625000, Fraction Width:, 12, MRE:, 0.000894, Coefficient:, 1.000000, 1.000000, 0.500000, 0.125000, 0.062500, , , , Order:, 0.000000, 1.000000, 2.000000, 3.000000, 4.000000, , , , 
Term:, 5, Threshold:, 0.750000, Fraction Width:, 12, MRE:, 0.000895, Coefficient:, 1.000000, 1.000000, 0.500000, 0.125000, 0.062500, , , , Order:, 0.000000, 1.000000, 2.000000, 3.000000, 4.000000, , , , 
Term:, 5, Threshold:, 0.875000, Fraction Width:, 12, MRE:, 0.000895, Coefficient:, 1.000000, 1.000000, 0.500000, 0.125000, 0.062500, , , , Order:, 0.000000, 1.000000, 2.000000, 3.000000, 4.000000, , , , 


=========================================================================================
Term:, 5, Threshold:, 0.125000, Fraction Width:, 16, MRE:, 0.025713, Coefficient:, 1.000000, 1.000000, 0.500000, 0.125000, -0.062500, , , , Order:, 0.000000, 1.000000, 2.000000, 3.000000, 4.000000, , , , 
Term:, 5, Threshold:, 0.250000, Fraction Width:, 16, MRE:, 0.008242, Coefficient:, 1.000000, 1.000000, 0.500000, 0.125000, -0.062500, , , , Order:, 0.000000, 1.000000, 2.000000, 3.000000, 4.000000, , , , 
Term:, 5, Threshold:, 0.375000, Fraction Width:, 16, MRE:, 0.001437, Coefficient:, 1.000000, 1.000000, 0.500000, 0.125000, -0.062500, , , , Order:, 0.000000, 1.000000, 2.000000, 3.000000, 4.000000, , , , 
Term:, 5, Threshold:, 0.500000, Fraction Width:, 16, MRE:, 0.000646, Coefficient:, 1.000000, 1.000000, 0.500000, 0.125000, 0.062500, , , , Order:, 0.000000, 1.000000, 2.000000, 3.000000, 4.000000, , , , 
Term:, 5, Threshold:, 0.625000, Fraction Width:, 16, MRE:, 0.000609, Coefficient:, 1.000000, 1.000000, 0.500000, 0.125000, 0.062500, , , , Order:, 0.000000, 1.000000, 2.000000, 3.000000, 4.000000, , , , 
Term:, 5, Threshold:, 0.750000, Fraction Width:, 16, MRE:, 0.000609, Coefficient:, 1.000000, 1.000000, 0.500000, 0.125000, 0.062500, , , , Order:, 0.000000, 1.000000, 2.000000, 3.000000, 4.000000, , , , 
Term:, 5, Threshold:, 0.875000, Fraction Width:, 16, MRE:, 0.000609, Coefficient:, 1.000000, 1.000000, 0.500000, 0.125000, 0.062500, , , , Order:, 0.000000, 1.000000, 2.000000, 3.000000, 4.000000, , , , 





=========================================================================================
Term:, 6, Threshold:, 0.125000, Fraction Width:, 8, MRE:, 0.013940, Coefficient:, 1.000000, 1.000000, 0.500000, 0.125000, -0.062500, 0.031250, , , Order:, 0.000000, 1.000000, 2.000000, 3.000000, 4.000000, 4.000000, , , 
Term:, 6, Threshold:, 0.250000, Fraction Width:, 8, MRE:, 0.006864, Coefficient:, 1.000000, 1.000000, 0.500000, 0.125000, -0.062500, 0.031250, , , Order:, 0.000000, 1.000000, 2.000000, 3.000000, 4.000000, 4.000000, , , 
Term:, 6, Threshold:, 0.375000, Fraction Width:, 8, MRE:, 0.003738, Coefficient:, 1.000000, 1.000000, 0.500000, 0.125000, 0.062500, 0.000000, , , Order:, 0.000000, 1.000000, 2.000000, 3.000000, 4.000000, 4.000000, , , 
Term:, 6, Threshold:, 0.500000, Fraction Width:, 8, MRE:, 0.003792, Coefficient:, 1.000000, 1.000000, 0.500000, 0.125000, 0.062500, 0.000000, , , Order:, 0.000000, 1.000000, 2.000000, 3.000000, 4.000000, 4.000000, , , 
Term:, 6, Threshold:, 0.625000, Fraction Width:, 8, MRE:, 0.003802, Coefficient:, 1.000000, 1.000000, 0.500000, 0.125000, 0.062500, 0.000000, , , Order:, 0.000000, 1.000000, 2.000000, 3.000000, 4.000000, 4.000000, , , 
Term:, 6, Threshold:, 0.750000, Fraction Width:, 8, MRE:, 0.003802, Coefficient:, 1.000000, 1.000000, 0.500000, 0.125000, 0.062500, 0.031250, , , Order:, 0.000000, 1.000000, 2.000000, 3.000000, 4.000000, 4.000000, , , 
Term:, 6, Threshold:, 0.875000, Fraction Width:, 8, MRE:, 0.003802, Coefficient:, 1.000000, 1.000000, 0.500000, 0.125000, 0.062500, 0.031250, , , Order:, 0.000000, 1.000000, 2.000000, 3.000000, 4.000000, 4.000000, , , 


=========================================================================================
Term:, 6, Threshold:, 0.125000, Fraction Width:, 12, MRE:, 0.007764, Coefficient:, 1.000000, 1.000000, 0.500000, 0.125000, -0.062500, 0.031250, , , Order:, 0.000000, 1.000000, 2.000000, 3.000000, 4.000000, 4.000000, , , 
Term:, 6, Threshold:, 0.250000, Fraction Width:, 12, MRE:, 0.001997, Coefficient:, 1.000000, 1.000000, 0.500000, 0.125000, -0.062500, 0.031250, , , Order:, 0.000000, 1.000000, 2.000000, 3.000000, 4.000000, 4.000000, , , 
Term:, 6, Threshold:, 0.375000, Fraction Width:, 12, MRE:, 0.000949, Coefficient:, 1.000000, 1.000000, 0.500000, 0.125000, -0.062500, 0.031250, , , Order:, 0.000000, 1.000000, 2.000000, 3.000000, 4.000000, 4.000000, , , 
Term:, 6, Threshold:, 0.500000, Fraction Width:, 12, MRE:, 0.000850, Coefficient:, 1.000000, 1.000000, 0.500000, 0.125000, 0.062500, 0.031250, , , Order:, 0.000000, 1.000000, 2.000000, 3.000000, 4.000000, 4.000000, , , 
Term:, 6, Threshold:, 0.625000, Fraction Width:, 12, MRE:, 0.000795, Coefficient:, 1.000000, 1.000000, 0.500000, 0.125000, 0.062500, 0.031250, , , Order:, 0.000000, 1.000000, 2.000000, 3.000000, 4.000000, 4.000000, , , 
Term:, 6, Threshold:, 0.750000, Fraction Width:, 12, MRE:, 0.000795, Coefficient:, 1.000000, 1.000000, 0.500000, 0.125000, 0.062500, 0.031250, , , Order:, 0.000000, 1.000000, 2.000000, 3.000000, 4.000000, 4.000000, , , 
Term:, 6, Threshold:, 0.875000, Fraction Width:, 12, MRE:, 0.000795, Coefficient:, 1.000000, 1.000000, 0.500000, 0.125000, 0.062500, 0.031250, , , Order:, 0.000000, 1.000000, 2.000000, 3.000000, 4.000000, 4.000000, , , 


=========================================================================================
Term:, 6, Threshold:, 0.125000, Fraction Width:, 16, MRE:, 0.007510, Coefficient:, 1.000000, 1.000000, 0.500000, 0.125000, -0.062500, 0.031250, , , Order:, 0.000000, 1.000000, 2.000000, 3.000000, 4.000000, 4.000000, , , 
Term:, 6, Threshold:, 0.250000, Fraction Width:, 16, MRE:, 0.001792, Coefficient:, 1.000000, 1.000000, 0.500000, 0.125000, -0.062500, 0.031250, , , Order:, 0.000000, 1.000000, 2.000000, 3.000000, 4.000000, 4.000000, , , 
Term:, 6, Threshold:, 0.375000, Fraction Width:, 16, MRE:, 0.000785, Coefficient:, 1.000000, 1.000000, 0.500000, 0.125000, -0.062500, 0.031250, , , Order:, 0.000000, 1.000000, 2.000000, 3.000000, 4.000000, 4.000000, , , 
Term:, 6, Threshold:, 0.500000, Fraction Width:, 16, MRE:, 0.000504, Coefficient:, 1.000000, 1.000000, 0.500000, 0.125000, 0.062500, 0.031250, , , Order:, 0.000000, 1.000000, 2.000000, 3.000000, 4.000000, 4.000000, , , 
Term:, 6, Threshold:, 0.625000, Fraction Width:, 16, MRE:, 0.000442, Coefficient:, 1.000000, 1.000000, 0.500000, 0.125000, 0.062500, 0.031250, , , Order:, 0.000000, 1.000000, 2.000000, 3.000000, 4.000000, 4.000000, , , 
Term:, 6, Threshold:, 0.750000, Fraction Width:, 16, MRE:, 0.000442, Coefficient:, 1.000000, 1.000000, 0.500000, 0.125000, 0.062500, 0.031250, , , Order:, 0.000000, 1.000000, 2.000000, 3.000000, 4.000000, 4.000000, , , 
Term:, 6, Threshold:, 0.875000, Fraction Width:, 16, MRE:, 0.000442, Coefficient:, 1.000000, 1.000000, 0.500000, 0.125000, 0.062500, 0.031250, , , Order:, 0.000000, 1.000000, 2.000000, 3.000000, 4.000000, 4.000000, , , 





=========================================================================================
Term:, 7, Threshold:, 0.125000, Fraction Width:, 8, MRE:, 0.009912, Coefficient:, 1.000000, 1.000000, 0.500000, 0.125000, -0.062500, 0.031250, 0.015625, , Order:, 0.000000, 1.000000, 2.000000, 3.000000, 4.000000, 4.000000, 4.000000, , 
Term:, 7, Threshold:, 0.250000, Fraction Width:, 8, MRE:, 0.006205, Coefficient:, 1.000000, 1.000000, 0.500000, 0.125000, -0.062500, 0.031250, 0.015625, , Order:, 0.000000, 1.000000, 2.000000, 3.000000, 4.000000, 4.000000, 4.000000, , 
Term:, 7, Threshold:, 0.375000, Fraction Width:, 8, MRE:, 0.003738, Coefficient:, 1.000000, 1.000000, 0.500000, 0.125000, 0.062500, 0.000000, 0.000000, , Order:, 0.000000, 1.000000, 2.000000, 3.000000, 4.000000, 4.000000, 4.000000, , 
Term:, 7, Threshold:, 0.500000, Fraction Width:, 8, MRE:, 0.003792, Coefficient:, 1.000000, 1.000000, 0.500000, 0.125000, 0.062500, 0.000000, 0.000000, , Order:, 0.000000, 1.000000, 2.000000, 3.000000, 4.000000, 4.000000, 4.000000, , 
Term:, 7, Threshold:, 0.625000, Fraction Width:, 8, MRE:, 0.003802, Coefficient:, 1.000000, 1.000000, 0.500000, 0.125000, 0.062500, 0.000000, 0.000000, , Order:, 0.000000, 1.000000, 2.000000, 3.000000, 4.000000, 4.000000, 4.000000, , 
Term:, 7, Threshold:, 0.750000, Fraction Width:, 8, MRE:, 0.003802, Coefficient:, 1.000000, 1.000000, 0.500000, 0.125000, 0.062500, 0.031250, 0.000000, , Order:, 0.000000, 1.000000, 2.000000, 3.000000, 4.000000, 4.000000, 4.000000, , 
Term:, 7, Threshold:, 0.875000, Fraction Width:, 8, MRE:, 0.003802, Coefficient:, 1.000000, 1.000000, 0.500000, 0.125000, 0.062500, 0.031250, 0.000000, , Order:, 0.000000, 1.000000, 2.000000, 3.000000, 4.000000, 4.000000, 4.000000, , 


=========================================================================================
Term:, 7, Threshold:, 0.125000, Fraction Width:, 12, MRE:, 0.002138, Coefficient:, 1.000000, 1.000000, 0.500000, 0.125000, -0.062500, 0.031250, 0.015625, , Order:, 0.000000, 1.000000, 2.000000, 3.000000, 4.000000, 4.000000, 4.000000, , 
Term:, 7, Threshold:, 0.250000, Fraction Width:, 12, MRE:, 0.001715, Coefficient:, 1.000000, 1.000000, 0.500000, 0.125000, -0.062500, 0.031250, 0.015625, , Order:, 0.000000, 1.000000, 2.000000, 3.000000, 4.000000, 4.000000, 4.000000, , 
Term:, 7, Threshold:, 0.375000, Fraction Width:, 12, MRE:, 0.000949, Coefficient:, 1.000000, 1.000000, 0.500000, 0.125000, -0.062500, 0.031250, 0.000000, , Order:, 0.000000, 1.000000, 2.000000, 3.000000, 4.000000, 4.000000, 4.000000, , 
Term:, 7, Threshold:, 0.500000, Fraction Width:, 12, MRE:, 0.000829, Coefficient:, 1.000000, 1.000000, 0.500000, 0.125000, 0.062500, 0.031250, 0.015625, , Order:, 0.000000, 1.000000, 2.000000, 3.000000, 4.000000, 4.000000, 4.000000, , 
Term:, 7, Threshold:, 0.625000, Fraction Width:, 12, MRE:, 0.000764, Coefficient:, 1.000000, 1.000000, 0.500000, 0.125000, 0.062500, 0.031250, 0.015625, , Order:, 0.000000, 1.000000, 2.000000, 3.000000, 4.000000, 4.000000, 4.000000, , 
Term:, 7, Threshold:, 0.750000, Fraction Width:, 12, MRE:, 0.000763, Coefficient:, 1.000000, 1.000000, 0.500000, 0.125000, 0.062500, 0.031250, 0.015625, , Order:, 0.000000, 1.000000, 2.000000, 3.000000, 4.000000, 4.000000, 4.000000, , 
Term:, 7, Threshold:, 0.875000, Fraction Width:, 12, MRE:, 0.000763, Coefficient:, 1.000000, 1.000000, 0.500000, 0.125000, 0.062500, 0.031250, 0.015625, , Order:, 0.000000, 1.000000, 2.000000, 3.000000, 4.000000, 4.000000, 4.000000, , 


=========================================================================================
Term:, 7, Threshold:, 0.125000, Fraction Width:, 16, MRE:, 0.002414, Coefficient:, 1.000000, 1.000000, 0.500000, 0.125000, -0.062500, 0.031250, 0.015625, , Order:, 0.000000, 1.000000, 2.000000, 3.000000, 4.000000, 4.000000, 4.000000, , 
Term:, 7, Threshold:, 0.250000, Fraction Width:, 16, MRE:, 0.001792, Coefficient:, 1.000000, 1.000000, 0.500000, 0.125000, -0.062500, 0.031250, 0.000000, , Order:, 0.000000, 1.000000, 2.000000, 3.000000, 4.000000, 4.000000, 4.000000, , 
Term:, 7, Threshold:, 0.375000, Fraction Width:, 16, MRE:, 0.000785, Coefficient:, 1.000000, 1.000000, 0.500000, 0.125000, -0.062500, 0.031250, 0.000000, , Order:, 0.000000, 1.000000, 2.000000, 3.000000, 4.000000, 4.000000, 4.000000, , 
Term:, 7, Threshold:, 0.500000, Fraction Width:, 16, MRE:, 0.000435, Coefficient:, 1.000000, 1.000000, 0.500000, 0.125000, 0.062500, 0.031250, 0.015625, , Order:, 0.000000, 1.000000, 2.000000, 3.000000, 4.000000, 4.000000, 4.000000, , 
Term:, 7, Threshold:, 0.625000, Fraction Width:, 16, MRE:, 0.000362, Coefficient:, 1.000000, 1.000000, 0.500000, 0.125000, 0.062500, 0.031250, 0.015625, , Order:, 0.000000, 1.000000, 2.000000, 3.000000, 4.000000, 4.000000, 4.000000, , 
Term:, 7, Threshold:, 0.750000, Fraction Width:, 16, MRE:, 0.000361, Coefficient:, 1.000000, 1.000000, 0.500000, 0.125000, 0.062500, 0.031250, 0.015625, , Order:, 0.000000, 1.000000, 2.000000, 3.000000, 4.000000, 4.000000, 4.000000, , 
Term:, 7, Threshold:, 0.875000, Fraction Width:, 16, MRE:, 0.000361, Coefficient:, 1.000000, 1.000000, 0.500000, 0.125000, 0.062500, 0.031250, 0.015625, , Order:, 0.000000, 1.000000, 2.000000, 3.000000, 4.000000, 4.000000, 4.000000, , 





=========================================================================================
Term:, 8, Threshold:, 0.125000, Fraction Width:, 8, MRE:, 0.009815, Coefficient:, 1.000000, 1.000000, 0.500000, 0.125000, -0.062500, 0.031250, 0.015625, 0.007812, Order:, 0.000000, 1.000000, 2.000000, 3.000000, 4.000000, 4.000000, 4.000000, 4.000000, 
Term:, 8, Threshold:, 0.250000, Fraction Width:, 8, MRE:, 0.006205, Coefficient:, 1.000000, 1.000000, 0.500000, 0.125000, -0.062500, 0.031250, 0.015625, 0.000000, Order:, 0.000000, 1.000000, 2.000000, 3.000000, 4.000000, 4.000000, 4.000000, 4.000000, 
Term:, 8, Threshold:, 0.375000, Fraction Width:, 8, MRE:, 0.003738, Coefficient:, 1.000000, 1.000000, 0.500000, 0.125000, 0.062500, 0.000000, 0.000000, 0.000000, Order:, 0.000000, 1.000000, 2.000000, 3.000000, 4.000000, 4.000000, 4.000000, 4.000000, 
Term:, 8, Threshold:, 0.500000, Fraction Width:, 8, MRE:, 0.003792, Coefficient:, 1.000000, 1.000000, 0.500000, 0.125000, 0.062500, 0.000000, 0.000000, 0.000000, Order:, 0.000000, 1.000000, 2.000000, 3.000000, 4.000000, 4.000000, 4.000000, 4.000000, 
Term:, 8, Threshold:, 0.625000, Fraction Width:, 8, MRE:, 0.003802, Coefficient:, 1.000000, 1.000000, 0.500000, 0.125000, 0.062500, 0.000000, 0.000000, 0.000000, Order:, 0.000000, 1.000000, 2.000000, 3.000000, 4.000000, 4.000000, 4.000000, 4.000000, 
Term:, 8, Threshold:, 0.750000, Fraction Width:, 8, MRE:, 0.003802, Coefficient:, 1.000000, 1.000000, 0.500000, 0.125000, 0.062500, 0.031250, 0.000000, 0.000000, Order:, 0.000000, 1.000000, 2.000000, 3.000000, 4.000000, 4.000000, 4.000000, 4.000000, 
Term:, 8, Threshold:, 0.875000, Fraction Width:, 8, MRE:, 0.003802, Coefficient:, 1.000000, 1.000000, 0.500000, 0.125000, 0.062500, 0.031250, 0.000000, 0.000000, Order:, 0.000000, 1.000000, 2.000000, 3.000000, 4.000000, 4.000000, 4.000000, 4.000000, 


=========================================================================================
Term:, 8, Threshold:, 0.125000, Fraction Width:, 12, MRE:, 0.002138, Coefficient:, 1.000000, 1.000000, 0.500000, 0.125000, -0.062500, 0.031250, 0.015625, 0.000000, Order:, 0.000000, 1.000000, 2.000000, 3.000000, 4.000000, 4.000000, 4.000000, 4.000000, 
Term:, 8, Threshold:, 0.250000, Fraction Width:, 12, MRE:, 0.000904, Coefficient:, 1.000000, 1.000000, 0.500000, 0.125000, -0.062500, 0.031250, 0.015625, -0.007812, Order:, 0.000000, 1.000000, 2.000000, 3.000000, 4.000000, 4.000000, 4.000000, 4.000000, 
Term:, 8, Threshold:, 0.375000, Fraction Width:, 12, MRE:, 0.000949, Coefficient:, 1.000000, 1.000000, 0.500000, 0.125000, -0.062500, 0.031250, 0.000000, 0.000000, Order:, 0.000000, 1.000000, 2.000000, 3.000000, 4.000000, 4.000000, 4.000000, 4.000000, 
Term:, 8, Threshold:, 0.500000, Fraction Width:, 12, MRE:, 0.000826, Coefficient:, 1.000000, 1.000000, 0.500000, 0.125000, 0.062500, 0.031250, 0.015625, 0.007812, Order:, 0.000000, 1.000000, 2.000000, 3.000000, 4.000000, 4.000000, 4.000000, 4.000000, 
Term:, 8, Threshold:, 0.625000, Fraction Width:, 12, MRE:, 0.000756, Coefficient:, 1.000000, 1.000000, 0.500000, 0.125000, 0.062500, 0.031250, 0.015625, 0.007812, Order:, 0.000000, 1.000000, 2.000000, 3.000000, 4.000000, 4.000000, 4.000000, 4.000000, 
Term:, 8, Threshold:, 0.750000, Fraction Width:, 12, MRE:, 0.000756, Coefficient:, 1.000000, 1.000000, 0.500000, 0.125000, 0.062500, 0.031250, 0.015625, 0.007812, Order:, 0.000000, 1.000000, 2.000000, 3.000000, 4.000000, 4.000000, 4.000000, 4.000000, 
Term:, 8, Threshold:, 0.875000, Fraction Width:, 12, MRE:, 0.000756, Coefficient:, 1.000000, 1.000000, 0.500000, 0.125000, 0.062500, 0.031250, 0.015625, 0.007812, Order:, 0.000000, 1.000000, 2.000000, 3.000000, 4.000000, 4.000000, 4.000000, 4.000000, 


=========================================================================================
Term:, 8, Threshold:, 0.125000, Fraction Width:, 16, MRE:, 0.002414, Coefficient:, 1.000000, 1.000000, 0.500000, 0.125000, -0.062500, 0.031250, 0.015625, 0.000000, Order:, 0.000000, 1.000000, 2.000000, 3.000000, 4.000000, 4.000000, 4.000000, 4.000000, 
Term:, 8, Threshold:, 0.250000, Fraction Width:, 16, MRE:, 0.001792, Coefficient:, 1.000000, 1.000000, 0.500000, 0.125000, -0.062500, 0.031250, 0.000000, 0.000000, Order:, 0.000000, 1.000000, 2.000000, 3.000000, 4.000000, 4.000000, 4.000000, 4.000000, 
Term:, 8, Threshold:, 0.375000, Fraction Width:, 16, MRE:, 0.000785, Coefficient:, 1.000000, 1.000000, 0.500000, 0.125000, -0.062500, 0.031250, 0.000000, 0.000000, Order:, 0.000000, 1.000000, 2.000000, 3.000000, 4.000000, 4.000000, 4.000000, 4.000000, 
Term:, 8, Threshold:, 0.500000, Fraction Width:, 16, MRE:, 0.000403, Coefficient:, 1.000000, 1.000000, 0.500000, 0.125000, 0.062500, 0.031250, 0.015625, 0.007812, Order:, 0.000000, 1.000000, 2.000000, 3.000000, 4.000000, 4.000000, 4.000000, 4.000000, 
Term:, 8, Threshold:, 0.625000, Fraction Width:, 16, MRE:, 0.000324, Coefficient:, 1.000000, 1.000000, 0.500000, 0.125000, 0.062500, 0.031250, 0.015625, 0.007812, Order:, 0.000000, 1.000000, 2.000000, 3.000000, 4.000000, 4.000000, 4.000000, 4.000000, 
Term:, 8, Threshold:, 0.750000, Fraction Width:, 16, MRE:, 0.000323, Coefficient:, 1.000000, 1.000000, 0.500000, 0.125000, 0.062500, 0.031250, 0.015625, 0.007812, Order:, 0.000000, 1.000000, 2.000000, 3.000000, 4.000000, 4.000000, 4.000000, 4.000000, 
Term:, 8, Threshold:, 0.875000, Fraction Width:, 16, MRE:, 0.000323, Coefficient:, 1.000000, 1.000000, 0.500000, 0.125000, 0.062500, 0.031250, 0.015625, 0.007812, Order:, 0.000000, 1.000000, 2.000000, 3.000000, 4.000000, 4.000000, 4.000000, 4.000000, 




Fixed shift starts with, 0.250000,

=========================================================================================
Term:, 5, Threshold:, 0.125000, Fraction Width:, 8, MRE:, 0.027917, Coefficient:, 1.000000, 1.000000, 0.500000, 0.250000, 0.125000, , , , Order:, 0.000000, 1.000000, 2.000000, 3.000000, 4.000000, , , , 
Term:, 5, Threshold:, 0.250000, Fraction Width:, 8, MRE:, 0.016547, Coefficient:, 1.000000, 1.000000, 0.500000, 0.250000, 0.125000, , , , Order:, 0.000000, 1.000000, 2.000000, 3.000000, 4.000000, , , , 
Term:, 5, Threshold:, 0.375000, Fraction Width:, 8, MRE:, 0.004984, Coefficient:, 1.000000, 1.000000, 0.500000, 0.250000, 0.125000, , , , Order:, 0.000000, 1.000000, 2.000000, 3.000000, 4.000000, , , , 
Term:, 5, Threshold:, 0.500000, Fraction Width:, 8, MRE:, 0.002329, Coefficient:, 1.000000, 1.000000, 0.500000, 0.250000, 0.125000, , , , Order:, 0.000000, 1.000000, 2.000000, 3.000000, 4.000000, , , , 
Term:, 5, Threshold:, 0.625000, Fraction Width:, 8, MRE:, 0.002178, Coefficient:, 1.000000, 1.000000, 0.500000, 0.250000, -0.125000, , , , Order:, 0.000000, 1.000000, 2.000000, 3.000000, 4.000000, , , , 
Term:, 5, Threshold:, 0.750000, Fraction Width:, 8, MRE:, 0.002177, Coefficient:, 1.000000, 1.000000, 0.500000, 0.250000, -0.125000, , , , Order:, 0.000000, 1.000000, 2.000000, 3.000000, 4.000000, , , , 
Term:, 5, Threshold:, 0.875000, Fraction Width:, 8, MRE:, 0.002177, Coefficient:, 1.000000, 1.000000, 0.500000, 0.250000, -0.125000, , , , Order:, 0.000000, 1.000000, 2.000000, 3.000000, 4.000000, , , , 


=========================================================================================
Term:, 5, Threshold:, 0.125000, Fraction Width:, 12, MRE:, 0.012806, Coefficient:, 1.000000, 1.000000, 0.500000, 0.250000, 0.125000, , , , Order:, 0.000000, 1.000000, 2.000000, 3.000000, 4.000000, , , , 
Term:, 5, Threshold:, 0.250000, Fraction Width:, 12, MRE:, 0.007449, Coefficient:, 1.000000, 1.000000, 0.500000, 0.250000, 0.125000, , , , Order:, 0.000000, 1.000000, 2.000000, 3.000000, 4.000000, , , , 
Term:, 5, Threshold:, 0.375000, Fraction Width:, 12, MRE:, 0.002202, Coefficient:, 1.000000, 1.000000, 0.500000, 0.250000, 0.125000, , , , Order:, 0.000000, 1.000000, 2.000000, 3.000000, 4.000000, , , , 
Term:, 5, Threshold:, 0.500000, Fraction Width:, 12, MRE:, 0.000527, Coefficient:, 1.000000, 1.000000, 0.500000, 0.250000, -0.125000, , , , Order:, 0.000000, 1.000000, 2.000000, 3.000000, 4.000000, , , , 
Term:, 5, Threshold:, 0.625000, Fraction Width:, 12, MRE:, 0.000361, Coefficient:, 1.000000, 1.000000, 0.500000, 0.250000, -0.125000, , , , Order:, 0.000000, 1.000000, 2.000000, 3.000000, 4.000000, , , , 
Term:, 5, Threshold:, 0.750000, Fraction Width:, 12, MRE:, 0.000361, Coefficient:, 1.000000, 1.000000, 0.500000, 0.250000, -0.125000, , , , Order:, 0.000000, 1.000000, 2.000000, 3.000000, 4.000000, , , , 
Term:, 5, Threshold:, 0.875000, Fraction Width:, 12, MRE:, 0.000361, Coefficient:, 1.000000, 1.000000, 0.500000, 0.250000, -0.125000, , , , Order:, 0.000000, 1.000000, 2.000000, 3.000000, 4.000000, , , , 


=========================================================================================
Term:, 5, Threshold:, 0.125000, Fraction Width:, 16, MRE:, 0.012033, Coefficient:, 1.000000, 1.000000, 0.500000, 0.250000, 0.125000, , , , Order:, 0.000000, 1.000000, 2.000000, 3.000000, 4.000000, , , , 
Term:, 5, Threshold:, 0.250000, Fraction Width:, 16, MRE:, 0.007164, Coefficient:, 1.000000, 1.000000, 0.500000, 0.250000, 0.125000, , , , Order:, 0.000000, 1.000000, 2.000000, 3.000000, 4.000000, , , , 
Term:, 5, Threshold:, 0.375000, Fraction Width:, 16, MRE:, 0.002354, Coefficient:, 1.000000, 1.000000, 0.500000, 0.250000, 0.125000, , , , Order:, 0.000000, 1.000000, 2.000000, 3.000000, 4.000000, , , , 
Term:, 5, Threshold:, 0.500000, Fraction Width:, 16, MRE:, 0.000598, Coefficient:, 1.000000, 1.000000, 0.500000, 0.250000, -0.125000, , , , Order:, 0.000000, 1.000000, 2.000000, 3.000000, 4.000000, , , , 
Term:, 5, Threshold:, 0.625000, Fraction Width:, 16, MRE:, 0.000435, Coefficient:, 1.000000, 1.000000, 0.500000, 0.250000, -0.125000, , , , Order:, 0.000000, 1.000000, 2.000000, 3.000000, 4.000000, , , , 
Term:, 5, Threshold:, 0.750000, Fraction Width:, 16, MRE:, 0.000435, Coefficient:, 1.000000, 1.000000, 0.500000, 0.250000, -0.125000, , , , Order:, 0.000000, 1.000000, 2.000000, 3.000000, 4.000000, , , , 
Term:, 5, Threshold:, 0.875000, Fraction Width:, 16, MRE:, 0.000435, Coefficient:, 1.000000, 1.000000, 0.500000, 0.250000, -0.125000, , , , Order:, 0.000000, 1.000000, 2.000000, 3.000000, 4.000000, , , , 





=========================================================================================
Term:, 6, Threshold:, 0.125000, Fraction Width:, 8, MRE:, 0.014072, Coefficient:, 1.000000, 1.000000, 0.500000, 0.250000, 0.125000, 0.062500, , , Order:, 0.000000, 1.000000, 2.000000, 3.000000, 4.000000, 4.000000, , , 
Term:, 6, Threshold:, 0.250000, Fraction Width:, 8, MRE:, 0.006583, Coefficient:, 1.000000, 1.000000, 0.500000, 0.250000, 0.125000, 0.062500, , , Order:, 0.000000, 1.000000, 2.000000, 3.000000, 4.000000, 4.000000, , , 
Term:, 6, Threshold:, 0.375000, Fraction Width:, 8, MRE:, 0.004013, Coefficient:, 1.000000, 1.000000, 0.500000, 0.250000, 0.125000, 0.062500, , , Order:, 0.000000, 1.000000, 2.000000, 3.000000, 4.000000, 4.000000, , , 
Term:, 6, Threshold:, 0.500000, Fraction Width:, 8, MRE:, 0.002329, Coefficient:, 1.000000, 1.000000, 0.500000, 0.250000, 0.125000, 0.000000, , , Order:, 0.000000, 1.000000, 2.000000, 3.000000, 4.000000, 4.000000, , , 
Term:, 6, Threshold:, 0.625000, Fraction Width:, 8, MRE:, 0.002170, Coefficient:, 1.000000, 1.000000, 0.500000, 0.250000, -0.125000, 0.062500, , , Order:, 0.000000, 1.000000, 2.000000, 3.000000, 4.000000, 4.000000, , , 
Term:, 6, Threshold:, 0.750000, Fraction Width:, 8, MRE:, 0.002168, Coefficient:, 1.000000, 1.000000, 0.500000, 0.250000, -0.125000, 0.062500, , , Order:, 0.000000, 1.000000, 2.000000, 3.000000, 4.000000, 4.000000, , , 
Term:, 6, Threshold:, 0.875000, Fraction Width:, 8, MRE:, 0.002168, Coefficient:, 1.000000, 1.000000, 0.500000, 0.250000, -0.125000, 0.062500, , , Order:, 0.000000, 1.000000, 2.000000, 3.000000, 4.000000, 4.000000, , , 


=========================================================================================
Term:, 6, Threshold:, 0.125000, Fraction Width:, 12, MRE:, 0.012806, Coefficient:, 1.000000, 1.000000, 0.500000, 0.250000, 0.125000, 0.000000, , , Order:, 0.000000, 1.000000, 2.000000, 3.000000, 4.000000, 4.000000, , , 
Term:, 6, Threshold:, 0.250000, Fraction Width:, 12, MRE:, 0.005929, Coefficient:, 1.000000, 1.000000, 0.500000, 0.250000, 0.125000, 0.062500, , , Order:, 0.000000, 1.000000, 2.000000, 3.000000, 4.000000, 4.000000, , , 
Term:, 6, Threshold:, 0.375000, Fraction Width:, 12, MRE:, 0.001258, Coefficient:, 1.000000, 1.000000, 0.500000, 0.250000, 0.125000, 0.062500, , , Order:, 0.000000, 1.000000, 2.000000, 3.000000, 4.000000, 4.000000, , , 
Term:, 6, Threshold:, 0.500000, Fraction Width:, 12, MRE:, 0.000462, Coefficient:, 1.000000, 1.000000, 0.500000, 0.250000, -0.125000, -0.062500, , , Order:, 0.000000, 1.000000, 2.000000, 3.000000, 4.000000, 4.000000, , , 
Term:, 6, Threshold:, 0.625000, Fraction Width:, 12, MRE:, 0.000284, Coefficient:, 1.000000, 1.000000, 0.500000, 0.250000, -0.125000, -0.062500, , , Order:, 0.000000, 1.000000, 2.000000, 3.000000, 4.000000, 4.000000, , , 
Term:, 6, Threshold:, 0.750000, Fraction Width:, 12, MRE:, 0.000284, Coefficient:, 1.000000, 1.000000, 0.500000, 0.250000, -0.125000, -0.062500, , , Order:, 0.000000, 1.000000, 2.000000, 3.000000, 4.000000, 4.000000, , , 
Term:, 6, Threshold:, 0.875000, Fraction Width:, 12, MRE:, 0.000284, Coefficient:, 1.000000, 1.000000, 0.500000, 0.250000, -0.125000, -0.062500, , , Order:, 0.000000, 1.000000, 2.000000, 3.000000, 4.000000, 4.000000, , , 


=========================================================================================
Term:, 6, Threshold:, 0.125000, Fraction Width:, 16, MRE:, 0.012033, Coefficient:, 1.000000, 1.000000, 0.500000, 0.250000, 0.125000, 0.000000, , , Order:, 0.000000, 1.000000, 2.000000, 3.000000, 4.000000, 4.000000, , , 
Term:, 6, Threshold:, 0.250000, Fraction Width:, 16, MRE:, 0.006569, Coefficient:, 1.000000, 1.000000, 0.500000, 0.250000, 0.125000, 0.062500, , , Order:, 0.000000, 1.000000, 2.000000, 3.000000, 4.000000, 4.000000, , , 
Term:, 6, Threshold:, 0.375000, Fraction Width:, 16, MRE:, 0.001596, Coefficient:, 1.000000, 1.000000, 0.500000, 0.250000, 0.125000, 0.062500, , , Order:, 0.000000, 1.000000, 2.000000, 3.000000, 4.000000, 4.000000, , , 
Term:, 6, Threshold:, 0.500000, Fraction Width:, 16, MRE:, 0.000455, Coefficient:, 1.000000, 1.000000, 0.500000, 0.250000, -0.125000, -0.062500, , , Order:, 0.000000, 1.000000, 2.000000, 3.000000, 4.000000, 4.000000, , , 
Term:, 6, Threshold:, 0.625000, Fraction Width:, 16, MRE:, 0.000280, Coefficient:, 1.000000, 1.000000, 0.500000, 0.250000, -0.125000, -0.062500, , , Order:, 0.000000, 1.000000, 2.000000, 3.000000, 4.000000, 4.000000, , , 
Term:, 6, Threshold:, 0.750000, Fraction Width:, 16, MRE:, 0.000280, Coefficient:, 1.000000, 1.000000, 0.500000, 0.250000, -0.125000, -0.062500, , , Order:, 0.000000, 1.000000, 2.000000, 3.000000, 4.000000, 4.000000, , , 
Term:, 6, Threshold:, 0.875000, Fraction Width:, 16, MRE:, 0.000280, Coefficient:, 1.000000, 1.000000, 0.500000, 0.250000, -0.125000, -0.062500, , , Order:, 0.000000, 1.000000, 2.000000, 3.000000, 4.000000, 4.000000, , , 





=========================================================================================
Term:, 7, Threshold:, 0.125000, Fraction Width:, 8, MRE:, 0.013593, Coefficient:, 1.000000, 1.000000, 0.500000, 0.250000, 0.125000, 0.062500, -0.031250, , Order:, 0.000000, 1.000000, 2.000000, 3.000000, 4.000000, 4.000000, 4.000000, , 
Term:, 7, Threshold:, 0.250000, Fraction Width:, 8, MRE:, 0.005638, Coefficient:, 1.000000, 1.000000, 0.500000, 0.250000, 0.125000, 0.062500, 0.031250, , Order:, 0.000000, 1.000000, 2.000000, 3.000000, 4.000000, 4.000000, 4.000000, , 
Term:, 7, Threshold:, 0.375000, Fraction Width:, 8, MRE:, 0.003884, Coefficient:, 1.000000, 1.000000, 0.500000, 0.250000, 0.125000, 0.062500, 0.031250, , Order:, 0.000000, 1.000000, 2.000000, 3.000000, 4.000000, 4.000000, 4.000000, , 
Term:, 7, Threshold:, 0.500000, Fraction Width:, 8, MRE:, 0.002329, Coefficient:, 1.000000, 1.000000, 0.500000, 0.250000, 0.125000, 0.000000, 0.000000, , Order:, 0.000000, 1.000000, 2.000000, 3.000000, 4.000000, 4.000000, 4.000000, , 
Term:, 7, Threshold:, 0.625000, Fraction Width:, 8, MRE:, 0.002170, Coefficient:, 1.000000, 1.000000, 0.500000, 0.250000, -0.125000, 0.062500, 0.000000, , Order:, 0.000000, 1.000000, 2.000000, 3.000000, 4.000000, 4.000000, 4.000000, , 
Term:, 7, Threshold:, 0.750000, Fraction Width:, 8, MRE:, 0.002168, Coefficient:, 1.000000, 1.000000, 0.500000, 0.250000, -0.125000, 0.062500, 0.000000, , Order:, 0.000000, 1.000000, 2.000000, 3.000000, 4.000000, 4.000000, 4.000000, , 
Term:, 7, Threshold:, 0.875000, Fraction Width:, 8, MRE:, 0.002168, Coefficient:, 1.000000, 1.000000, 0.500000, 0.250000, -0.125000, 0.062500, 0.000000, , Order:, 0.000000, 1.000000, 2.000000, 3.000000, 4.000000, 4.000000, 4.000000, , 


=========================================================================================
Term:, 7, Threshold:, 0.125000, Fraction Width:, 12, MRE:, 0.012806, Coefficient:, 1.000000, 1.000000, 0.500000, 0.250000, 0.125000, 0.000000, 0.000000, , Order:, 0.000000, 1.000000, 2.000000, 3.000000, 4.000000, 4.000000, 4.000000, , 
Term:, 7, Threshold:, 0.250000, Fraction Width:, 12, MRE:, 0.001742, Coefficient:, 1.000000, 1.000000, 0.500000, 0.250000, 0.125000, 0.062500, -0.031250, , Order:, 0.000000, 1.000000, 2.000000, 3.000000, 4.000000, 4.000000, 4.000000, , 
Term:, 7, Threshold:, 0.375000, Fraction Width:, 12, MRE:, 0.001258, Coefficient:, 1.000000, 1.000000, 0.500000, 0.250000, 0.125000, 0.062500, 0.000000, , Order:, 0.000000, 1.000000, 2.000000, 3.000000, 4.000000, 4.000000, 4.000000, , 
Term:, 7, Threshold:, 0.500000, Fraction Width:, 12, MRE:, 0.000437, Coefficient:, 1.000000, 1.000000, 0.500000, 0.250000, -0.125000, -0.062500, 0.031250, , Order:, 0.000000, 1.000000, 2.000000, 3.000000, 4.000000, 4.000000, 4.000000, , 
Term:, 7, Threshold:, 0.625000, Fraction Width:, 12, MRE:, 0.000265, Coefficient:, 1.000000, 1.000000, 0.500000, 0.250000, -0.125000, -0.062500, 0.031250, , Order:, 0.000000, 1.000000, 2.000000, 3.000000, 4.000000, 4.000000, 4.000000, , 
Term:, 7, Threshold:, 0.750000, Fraction Width:, 12, MRE:, 0.000265, Coefficient:, 1.000000, 1.000000, 0.500000, 0.250000, -0.125000, -0.062500, 0.031250, , Order:, 0.000000, 1.000000, 2.000000, 3.000000, 4.000000, 4.000000, 4.000000, , 
Term:, 7, Threshold:, 0.875000, Fraction Width:, 12, MRE:, 0.000265, Coefficient:, 1.000000, 1.000000, 0.500000, 0.250000, -0.125000, -0.062500, 0.031250, , Order:, 0.000000, 1.000000, 2.000000, 3.000000, 4.000000, 4.000000, 4.000000, , 


=========================================================================================
Term:, 7, Threshold:, 0.125000, Fraction Width:, 16, MRE:, 0.012033, Coefficient:, 1.000000, 1.000000, 0.500000, 0.250000, 0.125000, 0.000000, 0.000000, , Order:, 0.000000, 1.000000, 2.000000, 3.000000, 4.000000, 4.000000, 4.000000, , 
Term:, 7, Threshold:, 0.250000, Fraction Width:, 16, MRE:, 0.001757, Coefficient:, 1.000000, 1.000000, 0.500000, 0.250000, 0.125000, 0.062500, -0.031250, , Order:, 0.000000, 1.000000, 2.000000, 3.000000, 4.000000, 4.000000, 4.000000, , 
Term:, 7, Threshold:, 0.375000, Fraction Width:, 16, MRE:, 0.001596, Coefficient:, 1.000000, 1.000000, 0.500000, 0.250000, 0.125000, 0.062500, 0.000000, , Order:, 0.000000, 1.000000, 2.000000, 3.000000, 4.000000, 4.000000, 4.000000, , 
Term:, 7, Threshold:, 0.500000, Fraction Width:, 16, MRE:, 0.000455, Coefficient:, 1.000000, 1.000000, 0.500000, 0.250000, -0.125000, -0.062500, 0.000000, , Order:, 0.000000, 1.000000, 2.000000, 3.000000, 4.000000, 4.000000, 4.000000, , 
Term:, 7, Threshold:, 0.625000, Fraction Width:, 16, MRE:, 0.000280, Coefficient:, 1.000000, 1.000000, 0.500000, 0.250000, -0.125000, -0.062500, 0.000000, , Order:, 0.000000, 1.000000, 2.000000, 3.000000, 4.000000, 4.000000, 4.000000, , 
Term:, 7, Threshold:, 0.750000, Fraction Width:, 16, MRE:, 0.000280, Coefficient:, 1.000000, 1.000000, 0.500000, 0.250000, -0.125000, -0.062500, 0.000000, , Order:, 0.000000, 1.000000, 2.000000, 3.000000, 4.000000, 4.000000, 4.000000, , 
Term:, 7, Threshold:, 0.875000, Fraction Width:, 16, MRE:, 0.000280, Coefficient:, 1.000000, 1.000000, 0.500000, 0.250000, -0.125000, -0.062500, 0.000000, , Order:, 0.000000, 1.000000, 2.000000, 3.000000, 4.000000, 4.000000, 4.000000, , 





=========================================================================================
Term:, 8, Threshold:, 0.125000, Fraction Width:, 8, MRE:, 0.013261, Coefficient:, 1.000000, 1.000000, 0.500000, 0.250000, 0.125000, 0.062500, -0.031250, 0.015625, Order:, 0.000000, 1.000000, 2.000000, 3.000000, 4.000000, 4.000000, 4.000000, 4.000000, 
Term:, 8, Threshold:, 0.250000, Fraction Width:, 8, MRE:, 0.005141, Coefficient:, 1.000000, 1.000000, 0.500000, 0.250000, 0.125000, 0.062500, 0.031250, -0.015625, Order:, 0.000000, 1.000000, 2.000000, 3.000000, 4.000000, 4.000000, 4.000000, 4.000000, 
Term:, 8, Threshold:, 0.375000, Fraction Width:, 8, MRE:, 0.003884, Coefficient:, 1.000000, 1.000000, 0.500000, 0.250000, 0.125000, 0.062500, 0.031250, 0.000000, Order:, 0.000000, 1.000000, 2.000000, 3.000000, 4.000000, 4.000000, 4.000000, 4.000000, 
Term:, 8, Threshold:, 0.500000, Fraction Width:, 8, MRE:, 0.002329, Coefficient:, 1.000000, 1.000000, 0.500000, 0.250000, 0.125000, 0.000000, 0.000000, 0.000000, Order:, 0.000000, 1.000000, 2.000000, 3.000000, 4.000000, 4.000000, 4.000000, 4.000000, 
Term:, 8, Threshold:, 0.625000, Fraction Width:, 8, MRE:, 0.002170, Coefficient:, 1.000000, 1.000000, 0.500000, 0.250000, -0.125000, 0.062500, 0.000000, 0.000000, Order:, 0.000000, 1.000000, 2.000000, 3.000000, 4.000000, 4.000000, 4.000000, 4.000000, 
Term:, 8, Threshold:, 0.750000, Fraction Width:, 8, MRE:, 0.002168, Coefficient:, 1.000000, 1.000000, 0.500000, 0.250000, -0.125000, 0.062500, 0.000000, 0.000000, Order:, 0.000000, 1.000000, 2.000000, 3.000000, 4.000000, 4.000000, 4.000000, 4.000000, 
Term:, 8, Threshold:, 0.875000, Fraction Width:, 8, MRE:, 0.002168, Coefficient:, 1.000000, 1.000000, 0.500000, 0.250000, -0.125000, 0.062500, 0.000000, 0.000000, Order:, 0.000000, 1.000000, 2.000000, 3.000000, 4.000000, 4.000000, 4.000000, 4.000000, 


=========================================================================================
Term:, 8, Threshold:, 0.125000, Fraction Width:, 12, MRE:, 0.012806, Coefficient:, 1.000000, 1.000000, 0.500000, 0.250000, 0.125000, 0.000000, 0.000000, 0.000000, Order:, 0.000000, 1.000000, 2.000000, 3.000000, 4.000000, 4.000000, 4.000000, 4.000000, 
Term:, 8, Threshold:, 0.250000, Fraction Width:, 12, MRE:, 0.001742, Coefficient:, 1.000000, 1.000000, 0.500000, 0.250000, 0.125000, 0.062500, -0.031250, 0.000000, Order:, 0.000000, 1.000000, 2.000000, 3.000000, 4.000000, 4.000000, 4.000000, 4.000000, 
Term:, 8, Threshold:, 0.375000, Fraction Width:, 12, MRE:, 0.001258, Coefficient:, 1.000000, 1.000000, 0.500000, 0.250000, 0.125000, 0.062500, 0.000000, 0.000000, Order:, 0.000000, 1.000000, 2.000000, 3.000000, 4.000000, 4.000000, 4.000000, 4.000000, 
Term:, 8, Threshold:, 0.500000, Fraction Width:, 12, MRE:, 0.000433, Coefficient:, 1.000000, 1.000000, 0.500000, 0.250000, -0.125000, -0.062500, 0.031250, 0.015625, Order:, 0.000000, 1.000000, 2.000000, 3.000000, 4.000000, 4.000000, 4.000000, 4.000000, 
Term:, 8, Threshold:, 0.625000, Fraction Width:, 12, MRE:, 0.000263, Coefficient:, 1.000000, 1.000000, 0.500000, 0.250000, -0.125000, -0.062500, 0.031250, 0.015625, Order:, 0.000000, 1.000000, 2.000000, 3.000000, 4.000000, 4.000000, 4.000000, 4.000000, 
Term:, 8, Threshold:, 0.750000, Fraction Width:, 12, MRE:, 0.000263, Coefficient:, 1.000000, 1.000000, 0.500000, 0.250000, -0.125000, -0.062500, 0.031250, 0.015625, Order:, 0.000000, 1.000000, 2.000000, 3.000000, 4.000000, 4.000000, 4.000000, 4.000000, 
Term:, 8, Threshold:, 0.875000, Fraction Width:, 12, MRE:, 0.000263, Coefficient:, 1.000000, 1.000000, 0.500000, 0.250000, -0.125000, -0.062500, 0.031250, 0.015625, Order:, 0.000000, 1.000000, 2.000000, 3.000000, 4.000000, 4.000000, 4.000000, 4.000000, 


=========================================================================================
Term:, 8, Threshold:, 0.125000, Fraction Width:, 16, MRE:, 0.012033, Coefficient:, 1.000000, 1.000000, 0.500000, 0.250000, 0.125000, 0.000000, 0.000000, 0.000000, Order:, 0.000000, 1.000000, 2.000000, 3.000000, 4.000000, 4.000000, 4.000000, 4.000000, 
Term:, 8, Threshold:, 0.250000, Fraction Width:, 16, MRE:, 0.001757, Coefficient:, 1.000000, 1.000000, 0.500000, 0.250000, 0.125000, 0.062500, -0.031250, 0.000000, Order:, 0.000000, 1.000000, 2.000000, 3.000000, 4.000000, 4.000000, 4.000000, 4.000000, 
Term:, 8, Threshold:, 0.375000, Fraction Width:, 16, MRE:, 0.001596, Coefficient:, 1.000000, 1.000000, 0.500000, 0.250000, 0.125000, 0.062500, 0.000000, 0.000000, Order:, 0.000000, 1.000000, 2.000000, 3.000000, 4.000000, 4.000000, 4.000000, 4.000000, 
Term:, 8, Threshold:, 0.500000, Fraction Width:, 16, MRE:, 0.000455, Coefficient:, 1.000000, 1.000000, 0.500000, 0.250000, -0.125000, -0.062500, 0.000000, 0.000000, Order:, 0.000000, 1.000000, 2.000000, 3.000000, 4.000000, 4.000000, 4.000000, 4.000000, 
Term:, 8, Threshold:, 0.625000, Fraction Width:, 16, MRE:, 0.000280, Coefficient:, 1.000000, 1.000000, 0.500000, 0.250000, -0.125000, -0.062500, 0.000000, 0.000000, Order:, 0.000000, 1.000000, 2.000000, 3.000000, 4.000000, 4.000000, 4.000000, 4.000000, 
Term:, 8, Threshold:, 0.750000, Fraction Width:, 16, MRE:, 0.000280, Coefficient:, 1.000000, 1.000000, 0.500000, 0.250000, -0.125000, -0.062500, 0.000000, 0.000000, Order:, 0.000000, 1.000000, 2.000000, 3.000000, 4.000000, 4.000000, 4.000000, 4.000000, 
Term:, 8, Threshold:, 0.875000, Fraction Width:, 16, MRE:, 0.000280, Coefficient:, 1.000000, 1.000000, 0.500000, 0.250000, -0.125000, -0.062500, 0.000000, 0.000000, Order:, 0.000000, 1.000000, 2.000000, 3.000000, 4.000000, 4.000000, 4.000000, 4.000000, 




Multiplication is disabled after:, 5,
Fixed shift starts with, 0.125000,

=========================================================================================
Term:, 5, Threshold:, 0.125000, Fraction Width:, 8, MRE:, 0.026562, Coefficient:, 1.000000, 1.000000, 0.500000, 0.125000, -0.062500, , , , Order:, 0.000000, 1.000000, 2.000000, 3.000000, 4.000000, , , , 
Term:, 5, Threshold:, 0.250000, Fraction Width:, 8, MRE:, 0.010062, Coefficient:, 1.000000, 1.000000, 0.500000, 0.125000, -0.062500, , , , Order:, 0.000000, 1.000000, 2.000000, 3.000000, 4.000000, , , , 
Term:, 5, Threshold:, 0.375000, Fraction Width:, 8, MRE:, 0.003738, Coefficient:, 1.000000, 1.000000, 0.500000, 0.125000, 0.062500, , , , Order:, 0.000000, 1.000000, 2.000000, 3.000000, 4.000000, , , , 
Term:, 5, Threshold:, 0.500000, Fraction Width:, 8, MRE:, 0.003792, Coefficient:, 1.000000, 1.000000, 0.500000, 0.125000, 0.062500, , , , Order:, 0.000000, 1.000000, 2.000000, 3.000000, 4.000000, , , , 
Term:, 5, Threshold:, 0.625000, Fraction Width:, 8, MRE:, 0.003802, Coefficient:, 1.000000, 1.000000, 0.500000, 0.125000, 0.062500, , , , Order:, 0.000000, 1.000000, 2.000000, 3.000000, 4.000000, , , , 
Term:, 5, Threshold:, 0.750000, Fraction Width:, 8, MRE:, 0.003802, Coefficient:, 1.000000, 1.000000, 0.500000, 0.125000, 0.062500, , , , Order:, 0.000000, 1.000000, 2.000000, 3.000000, 4.000000, , , , 
Term:, 5, Threshold:, 0.875000, Fraction Width:, 8, MRE:, 0.003802, Coefficient:, 1.000000, 1.000000, 0.500000, 0.125000, 0.062500, , , , Order:, 0.000000, 1.000000, 2.000000, 3.000000, 4.000000, , , , 


=========================================================================================
Term:, 5, Threshold:, 0.125000, Fraction Width:, 12, MRE:, 0.025700, Coefficient:, 1.000000, 1.000000, 0.500000, 0.125000, -0.062500, , , , Order:, 0.000000, 1.000000, 2.000000, 3.000000, 4.000000, , , , 
Term:, 5, Threshold:, 0.250000, Fraction Width:, 12, MRE:, 0.008313, Coefficient:, 1.000000, 1.000000, 0.500000, 0.125000, -0.062500, , , , Order:, 0.000000, 1.000000, 2.000000, 3.000000, 4.000000, , , , 
Term:, 5, Threshold:, 0.375000, Fraction Width:, 12, MRE:, 0.001549, Coefficient:, 1.000000, 1.000000, 0.500000, 0.125000, -0.062500, , , , Order:, 0.000000, 1.000000, 2.000000, 3.000000, 4.000000, , , , 
Term:, 5, Threshold:, 0.500000, Fraction Width:, 12, MRE:, 0.000926, Coefficient:, 1.000000, 1.000000, 0.500000, 0.125000, 0.062500, , , , Order:, 0.000000, 1.000000, 2.000000, 3.000000, 4.000000, , , , 
Term:, 5, Threshold:, 0.625000, Fraction Width:, 12, MRE:, 0.000894, Coefficient:, 1.000000, 1.000000, 0.500000, 0.125000, 0.062500, , , , Order:, 0.000000, 1.000000, 2.000000, 3.000000, 4.000000, , , , 
Term:, 5, Threshold:, 0.750000, Fraction Width:, 12, MRE:, 0.000895, Coefficient:, 1.000000, 1.000000, 0.500000, 0.125000, 0.062500, , , , Order:, 0.000000, 1.000000, 2.000000, 3.000000, 4.000000, , , , 
Term:, 5, Threshold:, 0.875000, Fraction Width:, 12, MRE:, 0.000895, Coefficient:, 1.000000, 1.000000, 0.500000, 0.125000, 0.062500, , , , Order:, 0.000000, 1.000000, 2.000000, 3.000000, 4.000000, , , , 


=========================================================================================
Term:, 5, Threshold:, 0.125000, Fraction Width:, 16, MRE:, 0.025713, Coefficient:, 1.000000, 1.000000, 0.500000, 0.125000, -0.062500, , , , Order:, 0.000000, 1.000000, 2.000000, 3.000000, 4.000000, , , , 
Term:, 5, Threshold:, 0.250000, Fraction Width:, 16, MRE:, 0.008242, Coefficient:, 1.000000, 1.000000, 0.500000, 0.125000, -0.062500, , , , Order:, 0.000000, 1.000000, 2.000000, 3.000000, 4.000000, , , , 
Term:, 5, Threshold:, 0.375000, Fraction Width:, 16, MRE:, 0.001437, Coefficient:, 1.000000, 1.000000, 0.500000, 0.125000, -0.062500, , , , Order:, 0.000000, 1.000000, 2.000000, 3.000000, 4.000000, , , , 
Term:, 5, Threshold:, 0.500000, Fraction Width:, 16, MRE:, 0.000646, Coefficient:, 1.000000, 1.000000, 0.500000, 0.125000, 0.062500, , , , Order:, 0.000000, 1.000000, 2.000000, 3.000000, 4.000000, , , , 
Term:, 5, Threshold:, 0.625000, Fraction Width:, 16, MRE:, 0.000609, Coefficient:, 1.000000, 1.000000, 0.500000, 0.125000, 0.062500, , , , Order:, 0.000000, 1.000000, 2.000000, 3.000000, 4.000000, , , , 
Term:, 5, Threshold:, 0.750000, Fraction Width:, 16, MRE:, 0.000609, Coefficient:, 1.000000, 1.000000, 0.500000, 0.125000, 0.062500, , , , Order:, 0.000000, 1.000000, 2.000000, 3.000000, 4.000000, , , , 
Term:, 5, Threshold:, 0.875000, Fraction Width:, 16, MRE:, 0.000609, Coefficient:, 1.000000, 1.000000, 0.500000, 0.125000, 0.062500, , , , Order:, 0.000000, 1.000000, 2.000000, 3.000000, 4.000000, , , , 





=========================================================================================
Term:, 6, Threshold:, 0.125000, Fraction Width:, 8, MRE:, 0.020487, Coefficient:, 1.000000, 1.000000, 0.500000, 0.125000, -0.062500, -0.031250, , , Order:, 0.000000, 1.000000, 2.000000, 3.000000, 4.000000, 5.000000, , , 
Term:, 6, Threshold:, 0.250000, Fraction Width:, 8, MRE:, 0.009512, Coefficient:, 1.000000, 1.000000, 0.500000, 0.125000, -0.062500, -0.031250, , , Order:, 0.000000, 1.000000, 2.000000, 3.000000, 4.000000, 5.000000, , , 
Term:, 6, Threshold:, 0.375000, Fraction Width:, 8, MRE:, 0.003738, Coefficient:, 1.000000, 1.000000, 0.500000, 0.125000, 0.062500, 0.000000, , , Order:, 0.000000, 1.000000, 2.000000, 3.000000, 4.000000, 4.000000, , , 
Term:, 6, Threshold:, 0.500000, Fraction Width:, 8, MRE:, 0.003792, Coefficient:, 1.000000, 1.000000, 0.500000, 0.125000, 0.062500, 0.000000, , , Order:, 0.000000, 1.000000, 2.000000, 3.000000, 4.000000, 4.000000, , , 
Term:, 6, Threshold:, 0.625000, Fraction Width:, 8, MRE:, 0.003802, Coefficient:, 1.000000, 1.000000, 0.500000, 0.125000, 0.062500, 0.000000, , , Order:, 0.000000, 1.000000, 2.000000, 3.000000, 4.000000, 4.000000, , , 
Term:, 6, Threshold:, 0.750000, Fraction Width:, 8, MRE:, 0.003802, Coefficient:, 1.000000, 1.000000, 0.500000, 0.125000, 0.062500, 0.000000, , , Order:, 0.000000, 1.000000, 2.000000, 3.000000, 4.000000, 4.000000, , , 
Term:, 6, Threshold:, 0.875000, Fraction Width:, 8, MRE:, 0.003802, Coefficient:, 1.000000, 1.000000, 0.500000, 0.125000, 0.062500, 0.000000, , , Order:, 0.000000, 1.000000, 2.000000, 3.000000, 4.000000, 4.000000, , , 


=========================================================================================
Term:, 6, Threshold:, 0.125000, Fraction Width:, 12, MRE:, 0.012087, Coefficient:, 1.000000, 1.000000, 0.500000, 0.125000, -0.062500, -0.031250, , , Order:, 0.000000, 1.000000, 2.000000, 3.000000, 4.000000, 5.000000, , , 
Term:, 6, Threshold:, 0.250000, Fraction Width:, 12, MRE:, 0.003995, Coefficient:, 1.000000, 1.000000, 0.500000, 0.125000, -0.062500, -0.031250, , , Order:, 0.000000, 1.000000, 2.000000, 3.000000, 4.000000, 5.000000, , , 
Term:, 6, Threshold:, 0.375000, Fraction Width:, 12, MRE:, 0.001191, Coefficient:, 1.000000, 1.000000, 0.500000, 0.125000, -0.062500, -0.031250, , , Order:, 0.000000, 1.000000, 2.000000, 3.000000, 4.000000, 5.000000, , , 
Term:, 6, Threshold:, 0.500000, Fraction Width:, 12, MRE:, 0.000907, Coefficient:, 1.000000, 1.000000, 0.500000, 0.125000, 0.062500, 0.031250, , , Order:, 0.000000, 1.000000, 2.000000, 3.000000, 4.000000, 5.000000, , , 
Term:, 6, Threshold:, 0.625000, Fraction Width:, 12, MRE:, 0.000877, Coefficient:, 1.000000, 1.000000, 0.500000, 0.125000, 0.062500, 0.031250, , , Order:, 0.000000, 1.000000, 2.000000, 3.000000, 4.000000, 5.000000, , , 
Term:, 6, Threshold:, 0.750000, Fraction Width:, 12, MRE:, 0.000877, Coefficient:, 1.000000, 1.000000, 0.500000, 0.125000, 0.062500, 0.031250, , , Order:, 0.000000, 1.000000, 2.000000, 3.000000, 4.000000, 5.000000, , , 
Term:, 6, Threshold:, 0.875000, Fraction Width:, 12, MRE:, 0.000877, Coefficient:, 1.000000, 1.000000, 0.500000, 0.125000, 0.062500, 0.031250, , , Order:, 0.000000, 1.000000, 2.000000, 3.000000, 4.000000, 5.000000, , , 


=========================================================================================
Term:, 6, Threshold:, 0.125000, Fraction Width:, 16, MRE:, 0.011641, Coefficient:, 1.000000, 1.000000, 0.500000, 0.125000, -0.062500, -0.031250, , , Order:, 0.000000, 1.000000, 2.000000, 3.000000, 4.000000, 5.000000, , , 
Term:, 6, Threshold:, 0.250000, Fraction Width:, 16, MRE:, 0.003721, Coefficient:, 1.000000, 1.000000, 0.500000, 0.125000, -0.062500, -0.031250, , , Order:, 0.000000, 1.000000, 2.000000, 3.000000, 4.000000, 5.000000, , , 
Term:, 6, Threshold:, 0.375000, Fraction Width:, 16, MRE:, 0.001067, Coefficient:, 1.000000, 1.000000, 0.500000, 0.125000, -0.062500, -0.031250, , , Order:, 0.000000, 1.000000, 2.000000, 3.000000, 4.000000, 5.000000, , , 
Term:, 6, Threshold:, 0.500000, Fraction Width:, 16, MRE:, 0.000588, Coefficient:, 1.000000, 1.000000, 0.500000, 0.125000, 0.062500, 0.031250, , , Order:, 0.000000, 1.000000, 2.000000, 3.000000, 4.000000, 5.000000, , , 
Term:, 6, Threshold:, 0.625000, Fraction Width:, 16, MRE:, 0.000553, Coefficient:, 1.000000, 1.000000, 0.500000, 0.125000, 0.062500, 0.031250, , , Order:, 0.000000, 1.000000, 2.000000, 3.000000, 4.000000, 5.000000, , , 
Term:, 6, Threshold:, 0.750000, Fraction Width:, 16, MRE:, 0.000553, Coefficient:, 1.000000, 1.000000, 0.500000, 0.125000, 0.062500, 0.031250, , , Order:, 0.000000, 1.000000, 2.000000, 3.000000, 4.000000, 5.000000, , , 
Term:, 6, Threshold:, 0.875000, Fraction Width:, 16, MRE:, 0.000553, Coefficient:, 1.000000, 1.000000, 0.500000, 0.125000, 0.062500, 0.031250, , , Order:, 0.000000, 1.000000, 2.000000, 3.000000, 4.000000, 5.000000, , , 





=========================================================================================
Term:, 7, Threshold:, 0.125000, Fraction Width:, 8, MRE:, 0.018419, Coefficient:, 1.000000, 1.000000, 0.500000, 0.125000, -0.062500, -0.031250, -0.015625, , Order:, 0.000000, 1.000000, 2.000000, 3.000000, 4.000000, 5.000000, 5.000000, , 
Term:, 7, Threshold:, 0.250000, Fraction Width:, 8, MRE:, 0.009512, Coefficient:, 1.000000, 1.000000, 0.500000, 0.125000, -0.062500, -0.031250, 0.000000, , Order:, 0.000000, 1.000000, 2.000000, 3.000000, 4.000000, 5.000000, 5.000000, , 
Term:, 7, Threshold:, 0.375000, Fraction Width:, 8, MRE:, 0.003738, Coefficient:, 1.000000, 1.000000, 0.500000, 0.125000, 0.062500, 0.000000, 0.000000, , Order:, 0.000000, 1.000000, 2.000000, 3.000000, 4.000000, 4.000000, 4.000000, , 
Term:, 7, Threshold:, 0.500000, Fraction Width:, 8, MRE:, 0.003792, Coefficient:, 1.000000, 1.000000, 0.500000, 0.125000, 0.062500, 0.000000, 0.000000, , Order:, 0.000000, 1.000000, 2.000000, 3.000000, 4.000000, 4.000000, 4.000000, , 
Term:, 7, Threshold:, 0.625000, Fraction Width:, 8, MRE:, 0.003802, Coefficient:, 1.000000, 1.000000, 0.500000, 0.125000, 0.062500, 0.000000, 0.000000, , Order:, 0.000000, 1.000000, 2.000000, 3.000000, 4.000000, 4.000000, 4.000000, , 
Term:, 7, Threshold:, 0.750000, Fraction Width:, 8, MRE:, 0.003802, Coefficient:, 1.000000, 1.000000, 0.500000, 0.125000, 0.062500, 0.000000, 0.000000, , Order:, 0.000000, 1.000000, 2.000000, 3.000000, 4.000000, 4.000000, 4.000000, , 
Term:, 7, Threshold:, 0.875000, Fraction Width:, 8, MRE:, 0.003802, Coefficient:, 1.000000, 1.000000, 0.500000, 0.125000, 0.062500, 0.000000, 0.000000, , Order:, 0.000000, 1.000000, 2.000000, 3.000000, 4.000000, 4.000000, 4.000000, , 


=========================================================================================
Term:, 7, Threshold:, 0.125000, Fraction Width:, 12, MRE:, 0.005416, Coefficient:, 1.000000, 1.000000, 0.500000, 0.125000, -0.062500, -0.031250, -0.015625, , Order:, 0.000000, 1.000000, 2.000000, 3.000000, 4.000000, 5.000000, 5.000000, , 
Term:, 7, Threshold:, 0.250000, Fraction Width:, 12, MRE:, 0.001919, Coefficient:, 1.000000, 1.000000, 0.500000, 0.125000, -0.062500, -0.031250, -0.015625, , Order:, 0.000000, 1.000000, 2.000000, 3.000000, 4.000000, 5.000000, 5.000000, , 
Term:, 7, Threshold:, 0.375000, Fraction Width:, 12, MRE:, 0.001028, Coefficient:, 1.000000, 1.000000, 0.500000, 0.125000, -0.062500, -0.031250, -0.015625, , Order:, 0.000000, 1.000000, 2.000000, 3.000000, 4.000000, 5.000000, 5.000000, , 
Term:, 7, Threshold:, 0.500000, Fraction Width:, 12, MRE:, 0.000903, Coefficient:, 1.000000, 1.000000, 0.500000, 0.125000, 0.062500, 0.031250, 0.015625, , Order:, 0.000000, 1.000000, 2.000000, 3.000000, 4.000000, 5.000000, 5.000000, , 
Term:, 7, Threshold:, 0.625000, Fraction Width:, 12, MRE:, 0.000872, Coefficient:, 1.000000, 1.000000, 0.500000, 0.125000, 0.062500, 0.031250, 0.015625, , Order:, 0.000000, 1.000000, 2.000000, 3.000000, 4.000000, 5.000000, 5.000000, , 
Term:, 7, Threshold:, 0.750000, Fraction Width:, 12, MRE:, 0.000872, Coefficient:, 1.000000, 1.000000, 0.500000, 0.125000, 0.062500, 0.031250, 0.015625, , Order:, 0.000000, 1.000000, 2.000000, 3.000000, 4.000000, 5.000000, 5.000000, , 
Term:, 7, Threshold:, 0.875000, Fraction Width:, 12, MRE:, 0.000872, Coefficient:, 1.000000, 1.000000, 0.500000, 0.125000, 0.062500, 0.031250, 0.015625, , Order:, 0.000000, 1.000000, 2.000000, 3.000000, 4.000000, 5.000000, 5.000000, , 


=========================================================================================
Term:, 7, Threshold:, 0.125000, Fraction Width:, 16, MRE:, 0.004634, Coefficient:, 1.000000, 1.000000, 0.500000, 0.125000, -0.062500, -0.031250, -0.015625, , Order:, 0.000000, 1.000000, 2.000000, 3.000000, 4.000000, 5.000000, 5.000000, , 
Term:, 7, Threshold:, 0.250000, Fraction Width:, 16, MRE:, 0.001485, Coefficient:, 1.000000, 1.000000, 0.500000, 0.125000, -0.062500, -0.031250, -0.015625, , Order:, 0.000000, 1.000000, 2.000000, 3.000000, 4.000000, 5.000000, 5.000000, , 
Term:, 7, Threshold:, 0.375000, Fraction Width:, 16, MRE:, 0.000902, Coefficient:, 1.000000, 1.000000, 0.500000, 0.125000, -0.062500, -0.031250, -0.015625, , Order:, 0.000000, 1.000000, 2.000000, 3.000000, 4.000000, 5.000000, 5.000000, , 
Term:, 7, Threshold:, 0.500000, Fraction Width:, 16, MRE:, 0.000560, Coefficient:, 1.000000, 1.000000, 0.500000, 0.125000, 0.062500, 0.031250, 0.015625, , Order:, 0.000000, 1.000000, 2.000000, 3.000000, 4.000000, 5.000000, 5.000000, , 
Term:, 7, Threshold:, 0.625000, Fraction Width:, 16, MRE:, 0.000527, Coefficient:, 1.000000, 1.000000, 0.500000, 0.125000, 0.062500, 0.031250, 0.015625, , Order:, 0.000000, 1.000000, 2.000000, 3.000000, 4.000000, 5.000000, 5.000000, , 
Term:, 7, Threshold:, 0.750000, Fraction Width:, 16, MRE:, 0.000527, Coefficient:, 1.000000, 1.000000, 0.500000, 0.125000, 0.062500, 0.031250, 0.015625, , Order:, 0.000000, 1.000000, 2.000000, 3.000000, 4.000000, 5.000000, 5.000000, , 
Term:, 7, Threshold:, 0.875000, Fraction Width:, 16, MRE:, 0.000527, Coefficient:, 1.000000, 1.000000, 0.500000, 0.125000, 0.062500, 0.031250, 0.015625, , Order:, 0.000000, 1.000000, 2.000000, 3.000000, 4.000000, 5.000000, 5.000000, , 





=========================================================================================
Term:, 8, Threshold:, 0.125000, Fraction Width:, 8, MRE:, 0.018419, Coefficient:, 1.000000, 1.000000, 0.500000, 0.125000, -0.062500, -0.031250, -0.015625, 0.000000, Order:, 0.000000, 1.000000, 2.000000, 3.000000, 4.000000, 5.000000, 5.000000, 5.000000, 
Term:, 8, Threshold:, 0.250000, Fraction Width:, 8, MRE:, 0.009512, Coefficient:, 1.000000, 1.000000, 0.500000, 0.125000, -0.062500, -0.031250, 0.000000, 0.000000, Order:, 0.000000, 1.000000, 2.000000, 3.000000, 4.000000, 5.000000, 5.000000, 5.000000, 
Term:, 8, Threshold:, 0.375000, Fraction Width:, 8, MRE:, 0.003738, Coefficient:, 1.000000, 1.000000, 0.500000, 0.125000, 0.062500, 0.000000, 0.000000, 0.000000, Order:, 0.000000, 1.000000, 2.000000, 3.000000, 4.000000, 4.000000, 4.000000, 4.000000, 
Term:, 8, Threshold:, 0.500000, Fraction Width:, 8, MRE:, 0.003792, Coefficient:, 1.000000, 1.000000, 0.500000, 0.125000, 0.062500, 0.000000, 0.000000, 0.000000, Order:, 0.000000, 1.000000, 2.000000, 3.000000, 4.000000, 4.000000, 4.000000, 4.000000, 
Term:, 8, Threshold:, 0.625000, Fraction Width:, 8, MRE:, 0.003802, Coefficient:, 1.000000, 1.000000, 0.500000, 0.125000, 0.062500, 0.000000, 0.000000, 0.000000, Order:, 0.000000, 1.000000, 2.000000, 3.000000, 4.000000, 4.000000, 4.000000, 4.000000, 
Term:, 8, Threshold:, 0.750000, Fraction Width:, 8, MRE:, 0.003802, Coefficient:, 1.000000, 1.000000, 0.500000, 0.125000, 0.062500, 0.000000, 0.000000, 0.000000, Order:, 0.000000, 1.000000, 2.000000, 3.000000, 4.000000, 4.000000, 4.000000, 4.000000, 
Term:, 8, Threshold:, 0.875000, Fraction Width:, 8, MRE:, 0.003802, Coefficient:, 1.000000, 1.000000, 0.500000, 0.125000, 0.062500, 0.000000, 0.000000, 0.000000, Order:, 0.000000, 1.000000, 2.000000, 3.000000, 4.000000, 4.000000, 4.000000, 4.000000, 


=========================================================================================
Term:, 8, Threshold:, 0.125000, Fraction Width:, 12, MRE:, 0.002197, Coefficient:, 1.000000, 1.000000, 0.500000, 0.125000, -0.062500, -0.031250, -0.015625, -0.007812, Order:, 0.000000, 1.000000, 2.000000, 3.000000, 4.000000, 5.000000, 5.000000, 5.000000, 
Term:, 8, Threshold:, 0.250000, Fraction Width:, 12, MRE:, 0.000938, Coefficient:, 1.000000, 1.000000, 0.500000, 0.125000, -0.062500, -0.031250, -0.015625, -0.007812, Order:, 0.000000, 1.000000, 2.000000, 3.000000, 4.000000, 5.000000, 5.000000, 5.000000, 
Term:, 8, Threshold:, 0.375000, Fraction Width:, 12, MRE:, 0.000973, Coefficient:, 1.000000, 1.000000, 0.500000, 0.125000, -0.062500, -0.031250, -0.015625, -0.007812, Order:, 0.000000, 1.000000, 2.000000, 3.000000, 4.000000, 5.000000, 5.000000, 5.000000, 
Term:, 8, Threshold:, 0.500000, Fraction Width:, 12, MRE:, 0.000903, Coefficient:, 1.000000, 1.000000, 0.500000, 0.125000, 0.062500, 0.031250, 0.015625, 0.000000, Order:, 0.000000, 1.000000, 2.000000, 3.000000, 4.000000, 5.000000, 5.000000, 5.000000, 
Term:, 8, Threshold:, 0.625000, Fraction Width:, 12, MRE:, 0.000871, Coefficient:, 1.000000, 1.000000, 0.500000, 0.125000, 0.062500, 0.031250, 0.015625, 0.007812, Order:, 0.000000, 1.000000, 2.000000, 3.000000, 4.000000, 5.000000, 5.000000, 5.000000, 
Term:, 8, Threshold:, 0.750000, Fraction Width:, 12, MRE:, 0.000871, Coefficient:, 1.000000, 1.000000, 0.500000, 0.125000, 0.062500, 0.031250, 0.015625, 0.007812, Order:, 0.000000, 1.000000, 2.000000, 3.000000, 4.000000, 5.000000, 5.000000, 5.000000, 
Term:, 8, Threshold:, 0.875000, Fraction Width:, 12, MRE:, 0.000871, Coefficient:, 1.000000, 1.000000, 0.500000, 0.125000, 0.062500, 0.031250, 0.015625, 0.007812, Order:, 0.000000, 1.000000, 2.000000, 3.000000, 4.000000, 5.000000, 5.000000, 5.000000, 


=========================================================================================
Term:, 8, Threshold:, 0.125000, Fraction Width:, 16, MRE:, 0.001264, Coefficient:, 1.000000, 1.000000, 0.500000, 0.125000, -0.062500, -0.031250, -0.015625, -0.007812, Order:, 0.000000, 1.000000, 2.000000, 3.000000, 4.000000, 5.000000, 5.000000, 5.000000, 
Term:, 8, Threshold:, 0.250000, Fraction Width:, 16, MRE:, 0.000497, Coefficient:, 1.000000, 1.000000, 0.500000, 0.125000, -0.062500, -0.031250, -0.015625, -0.007812, Order:, 0.000000, 1.000000, 2.000000, 3.000000, 4.000000, 5.000000, 5.000000, 5.000000, 
Term:, 8, Threshold:, 0.375000, Fraction Width:, 16, MRE:, 0.000902, Coefficient:, 1.000000, 1.000000, 0.500000, 0.125000, -0.062500, -0.031250, -0.015625, 0.000000, Order:, 0.000000, 1.000000, 2.000000, 3.000000, 4.000000, 5.000000, 5.000000, 5.000000, 
Term:, 8, Threshold:, 0.500000, Fraction Width:, 16, MRE:, 0.000548, Coefficient:, 1.000000, 1.000000, 0.500000, 0.125000, 0.062500, 0.031250, 0.015625, 0.007812, Order:, 0.000000, 1.000000, 2.000000, 3.000000, 4.000000, 5.000000, 5.000000, 5.000000, 
Term:, 8, Threshold:, 0.625000, Fraction Width:, 16, MRE:, 0.000516, Coefficient:, 1.000000, 1.000000, 0.500000, 0.125000, 0.062500, 0.031250, 0.015625, 0.007812, Order:, 0.000000, 1.000000, 2.000000, 3.000000, 4.000000, 5.000000, 5.000000, 5.000000, 
Term:, 8, Threshold:, 0.750000, Fraction Width:, 16, MRE:, 0.000515, Coefficient:, 1.000000, 1.000000, 0.500000, 0.125000, 0.062500, 0.031250, 0.015625, 0.007812, Order:, 0.000000, 1.000000, 2.000000, 3.000000, 4.000000, 5.000000, 5.000000, 5.000000, 
Term:, 8, Threshold:, 0.875000, Fraction Width:, 16, MRE:, 0.000515, Coefficient:, 1.000000, 1.000000, 0.500000, 0.125000, 0.062500, 0.031250, 0.015625, 0.007812, Order:, 0.000000, 1.000000, 2.000000, 3.000000, 4.000000, 5.000000, 5.000000, 5.000000, 




Fixed shift starts with, 0.250000,

=========================================================================================
Term:, 5, Threshold:, 0.125000, Fraction Width:, 8, MRE:, 0.027917, Coefficient:, 1.000000, 1.000000, 0.500000, 0.250000, 0.125000, , , , Order:, 0.000000, 1.000000, 2.000000, 3.000000, 4.000000, , , , 
Term:, 5, Threshold:, 0.250000, Fraction Width:, 8, MRE:, 0.016547, Coefficient:, 1.000000, 1.000000, 0.500000, 0.250000, 0.125000, , , , Order:, 0.000000, 1.000000, 2.000000, 3.000000, 4.000000, , , , 
Term:, 5, Threshold:, 0.375000, Fraction Width:, 8, MRE:, 0.004984, Coefficient:, 1.000000, 1.000000, 0.500000, 0.250000, 0.125000, , , , Order:, 0.000000, 1.000000, 2.000000, 3.000000, 4.000000, , , , 
Term:, 5, Threshold:, 0.500000, Fraction Width:, 8, MRE:, 0.002329, Coefficient:, 1.000000, 1.000000, 0.500000, 0.250000, 0.125000, , , , Order:, 0.000000, 1.000000, 2.000000, 3.000000, 4.000000, , , , 
Term:, 5, Threshold:, 0.625000, Fraction Width:, 8, MRE:, 0.002178, Coefficient:, 1.000000, 1.000000, 0.500000, 0.250000, -0.125000, , , , Order:, 0.000000, 1.000000, 2.000000, 3.000000, 4.000000, , , , 
Term:, 5, Threshold:, 0.750000, Fraction Width:, 8, MRE:, 0.002177, Coefficient:, 1.000000, 1.000000, 0.500000, 0.250000, -0.125000, , , , Order:, 0.000000, 1.000000, 2.000000, 3.000000, 4.000000, , , , 
Term:, 5, Threshold:, 0.875000, Fraction Width:, 8, MRE:, 0.002177, Coefficient:, 1.000000, 1.000000, 0.500000, 0.250000, -0.125000, , , , Order:, 0.000000, 1.000000, 2.000000, 3.000000, 4.000000, , , , 


=========================================================================================
Term:, 5, Threshold:, 0.125000, Fraction Width:, 12, MRE:, 0.012806, Coefficient:, 1.000000, 1.000000, 0.500000, 0.250000, 0.125000, , , , Order:, 0.000000, 1.000000, 2.000000, 3.000000, 4.000000, , , , 
Term:, 5, Threshold:, 0.250000, Fraction Width:, 12, MRE:, 0.007449, Coefficient:, 1.000000, 1.000000, 0.500000, 0.250000, 0.125000, , , , Order:, 0.000000, 1.000000, 2.000000, 3.000000, 4.000000, , , , 
Term:, 5, Threshold:, 0.375000, Fraction Width:, 12, MRE:, 0.002202, Coefficient:, 1.000000, 1.000000, 0.500000, 0.250000, 0.125000, , , , Order:, 0.000000, 1.000000, 2.000000, 3.000000, 4.000000, , , , 
Term:, 5, Threshold:, 0.500000, Fraction Width:, 12, MRE:, 0.000527, Coefficient:, 1.000000, 1.000000, 0.500000, 0.250000, -0.125000, , , , Order:, 0.000000, 1.000000, 2.000000, 3.000000, 4.000000, , , , 
Term:, 5, Threshold:, 0.625000, Fraction Width:, 12, MRE:, 0.000361, Coefficient:, 1.000000, 1.000000, 0.500000, 0.250000, -0.125000, , , , Order:, 0.000000, 1.000000, 2.000000, 3.000000, 4.000000, , , , 
Term:, 5, Threshold:, 0.750000, Fraction Width:, 12, MRE:, 0.000361, Coefficient:, 1.000000, 1.000000, 0.500000, 0.250000, -0.125000, , , , Order:, 0.000000, 1.000000, 2.000000, 3.000000, 4.000000, , , , 
Term:, 5, Threshold:, 0.875000, Fraction Width:, 12, MRE:, 0.000361, Coefficient:, 1.000000, 1.000000, 0.500000, 0.250000, -0.125000, , , , Order:, 0.000000, 1.000000, 2.000000, 3.000000, 4.000000, , , , 


=========================================================================================
Term:, 5, Threshold:, 0.125000, Fraction Width:, 16, MRE:, 0.012033, Coefficient:, 1.000000, 1.000000, 0.500000, 0.250000, 0.125000, , , , Order:, 0.000000, 1.000000, 2.000000, 3.000000, 4.000000, , , , 
Term:, 5, Threshold:, 0.250000, Fraction Width:, 16, MRE:, 0.007164, Coefficient:, 1.000000, 1.000000, 0.500000, 0.250000, 0.125000, , , , Order:, 0.000000, 1.000000, 2.000000, 3.000000, 4.000000, , , , 
Term:, 5, Threshold:, 0.375000, Fraction Width:, 16, MRE:, 0.002354, Coefficient:, 1.000000, 1.000000, 0.500000, 0.250000, 0.125000, , , , Order:, 0.000000, 1.000000, 2.000000, 3.000000, 4.000000, , , , 
Term:, 5, Threshold:, 0.500000, Fraction Width:, 16, MRE:, 0.000598, Coefficient:, 1.000000, 1.000000, 0.500000, 0.250000, -0.125000, , , , Order:, 0.000000, 1.000000, 2.000000, 3.000000, 4.000000, , , , 
Term:, 5, Threshold:, 0.625000, Fraction Width:, 16, MRE:, 0.000435, Coefficient:, 1.000000, 1.000000, 0.500000, 0.250000, -0.125000, , , , Order:, 0.000000, 1.000000, 2.000000, 3.000000, 4.000000, , , , 
Term:, 5, Threshold:, 0.750000, Fraction Width:, 16, MRE:, 0.000435, Coefficient:, 1.000000, 1.000000, 0.500000, 0.250000, -0.125000, , , , Order:, 0.000000, 1.000000, 2.000000, 3.000000, 4.000000, , , , 
Term:, 5, Threshold:, 0.875000, Fraction Width:, 16, MRE:, 0.000435, Coefficient:, 1.000000, 1.000000, 0.500000, 0.250000, -0.125000, , , , Order:, 0.000000, 1.000000, 2.000000, 3.000000, 4.000000, , , , 





=========================================================================================
Term:, 6, Threshold:, 0.125000, Fraction Width:, 8, MRE:, 0.014525, Coefficient:, 1.000000, 1.000000, 0.500000, 0.250000, 0.125000, -0.062500, , , Order:, 0.000000, 1.000000, 2.000000, 3.000000, 4.000000, 5.000000, , , 
Term:, 6, Threshold:, 0.250000, Fraction Width:, 8, MRE:, 0.010661, Coefficient:, 1.000000, 1.000000, 0.500000, 0.250000, 0.125000, -0.062500, , , Order:, 0.000000, 1.000000, 2.000000, 3.000000, 4.000000, 5.000000, , , 
Term:, 6, Threshold:, 0.375000, Fraction Width:, 8, MRE:, 0.004717, Coefficient:, 1.000000, 1.000000, 0.500000, 0.250000, 0.125000, -0.062500, , , Order:, 0.000000, 1.000000, 2.000000, 3.000000, 4.000000, 5.000000, , , 
Term:, 6, Threshold:, 0.500000, Fraction Width:, 8, MRE:, 0.002329, Coefficient:, 1.000000, 1.000000, 0.500000, 0.250000, 0.125000, 0.000000, , , Order:, 0.000000, 1.000000, 2.000000, 3.000000, 4.000000, 4.000000, , , 
Term:, 6, Threshold:, 0.625000, Fraction Width:, 8, MRE:, 0.002177, Coefficient:, 1.000000, 1.000000, 0.500000, 0.250000, -0.125000, 0.062500, , , Order:, 0.000000, 1.000000, 2.000000, 3.000000, 4.000000, 5.000000, , , 
Term:, 6, Threshold:, 0.750000, Fraction Width:, 8, MRE:, 0.002176, Coefficient:, 1.000000, 1.000000, 0.500000, 0.250000, -0.125000, 0.062500, , , Order:, 0.000000, 1.000000, 2.000000, 3.000000, 4.000000, 5.000000, , , 
Term:, 6, Threshold:, 0.875000, Fraction Width:, 8, MRE:, 0.002176, Coefficient:, 1.000000, 1.000000, 0.500000, 0.250000, -0.125000, 0.062500, , , Order:, 0.000000, 1.000000, 2.000000, 3.000000, 4.000000, 5.000000, , , 


=========================================================================================
Term:, 6, Threshold:, 0.125000, Fraction Width:, 12, MRE:, 0.012806, Coefficient:, 1.000000, 1.000000, 0.500000, 0.250000, 0.125000, 0.000000, , , Order:, 0.000000, 1.000000, 2.000000, 3.000000, 4.000000, 4.000000, , , 
Term:, 6, Threshold:, 0.250000, Fraction Width:, 12, MRE:, 0.002951, Coefficient:, 1.000000, 1.000000, 0.500000, 0.250000, 0.125000, -0.062500, , , Order:, 0.000000, 1.000000, 2.000000, 3.000000, 4.000000, 5.000000, , , 
Term:, 6, Threshold:, 0.375000, Fraction Width:, 12, MRE:, 0.001431, Coefficient:, 1.000000, 1.000000, 0.500000, 0.250000, 0.125000, -0.062500, , , Order:, 0.000000, 1.000000, 2.000000, 3.000000, 4.000000, 5.000000, , , 
Term:, 6, Threshold:, 0.500000, Fraction Width:, 12, MRE:, 0.000486, Coefficient:, 1.000000, 1.000000, 0.500000, 0.250000, -0.125000, -0.062500, , , Order:, 0.000000, 1.000000, 2.000000, 3.000000, 4.000000, 5.000000, , , 
Term:, 6, Threshold:, 0.625000, Fraction Width:, 12, MRE:, 0.000342, Coefficient:, 1.000000, 1.000000, 0.500000, 0.250000, -0.125000, -0.062500, , , Order:, 0.000000, 1.000000, 2.000000, 3.000000, 4.000000, 5.000000, , , 
Term:, 6, Threshold:, 0.750000, Fraction Width:, 12, MRE:, 0.000342, Coefficient:, 1.000000, 1.000000, 0.500000, 0.250000, -0.125000, -0.062500, , , Order:, 0.000000, 1.000000, 2.000000, 3.000000, 4.000000, 5.000000, , , 
Term:, 6, Threshold:, 0.875000, Fraction Width:, 12, MRE:, 0.000342, Coefficient:, 1.000000, 1.000000, 0.500000, 0.250000, -0.125000, -0.062500, , , Order:, 0.000000, 1.000000, 2.000000, 3.000000, 4.000000, 5.000000, , , 


=========================================================================================
Term:, 6, Threshold:, 0.125000, Fraction Width:, 16, MRE:, 0.012033, Coefficient:, 1.000000, 1.000000, 0.500000, 0.250000, 0.125000, 0.000000, , , Order:, 0.000000, 1.000000, 2.000000, 3.000000, 4.000000, 4.000000, , , 
Term:, 6, Threshold:, 0.250000, Fraction Width:, 16, MRE:, 0.003281, Coefficient:, 1.000000, 1.000000, 0.500000, 0.250000, 0.125000, -0.062500, , , Order:, 0.000000, 1.000000, 2.000000, 3.000000, 4.000000, 5.000000, , , 
Term:, 6, Threshold:, 0.375000, Fraction Width:, 16, MRE:, 0.001503, Coefficient:, 1.000000, 1.000000, 0.500000, 0.250000, 0.125000, -0.062500, , , Order:, 0.000000, 1.000000, 2.000000, 3.000000, 4.000000, 5.000000, , , 
Term:, 6, Threshold:, 0.500000, Fraction Width:, 16, MRE:, 0.000505, Coefficient:, 1.000000, 1.000000, 0.500000, 0.250000, -0.125000, -0.062500, , , Order:, 0.000000, 1.000000, 2.000000, 3.000000, 4.000000, 5.000000, , , 
Term:, 6, Threshold:, 0.625000, Fraction Width:, 16, MRE:, 0.000367, Coefficient:, 1.000000, 1.000000, 0.500000, 0.250000, -0.125000, -0.062500, , , Order:, 0.000000, 1.000000, 2.000000, 3.000000, 4.000000, 5.000000, , , 
Term:, 6, Threshold:, 0.750000, Fraction Width:, 16, MRE:, 0.000366, Coefficient:, 1.000000, 1.000000, 0.500000, 0.250000, -0.125000, -0.062500, , , Order:, 0.000000, 1.000000, 2.000000, 3.000000, 4.000000, 5.000000, , , 
Term:, 6, Threshold:, 0.875000, Fraction Width:, 16, MRE:, 0.000366, Coefficient:, 1.000000, 1.000000, 0.500000, 0.250000, -0.125000, -0.062500, , , Order:, 0.000000, 1.000000, 2.000000, 3.000000, 4.000000, 5.000000, , , 





=========================================================================================
Term:, 7, Threshold:, 0.125000, Fraction Width:, 8, MRE:, 0.014525, Coefficient:, 1.000000, 1.000000, 0.500000, 0.250000, 0.125000, -0.062500, 0.000000, , Order:, 0.000000, 1.000000, 2.000000, 3.000000, 4.000000, 5.000000, 5.000000, , 
Term:, 7, Threshold:, 0.250000, Fraction Width:, 8, MRE:, 0.008321, Coefficient:, 1.000000, 1.000000, 0.500000, 0.250000, 0.125000, -0.062500, -0.031250, , Order:, 0.000000, 1.000000, 2.000000, 3.000000, 4.000000, 5.000000, 5.000000, , 
Term:, 7, Threshold:, 0.375000, Fraction Width:, 8, MRE:, 0.004717, Coefficient:, 1.000000, 1.000000, 0.500000, 0.250000, 0.125000, -0.062500, 0.000000, , Order:, 0.000000, 1.000000, 2.000000, 3.000000, 4.000000, 5.000000, 5.000000, , 
Term:, 7, Threshold:, 0.500000, Fraction Width:, 8, MRE:, 0.002329, Coefficient:, 1.000000, 1.000000, 0.500000, 0.250000, 0.125000, 0.000000, 0.000000, , Order:, 0.000000, 1.000000, 2.000000, 3.000000, 4.000000, 4.000000, 4.000000, , 
Term:, 7, Threshold:, 0.625000, Fraction Width:, 8, MRE:, 0.002177, Coefficient:, 1.000000, 1.000000, 0.500000, 0.250000, -0.125000, 0.062500, 0.000000, , Order:, 0.000000, 1.000000, 2.000000, 3.000000, 4.000000, 5.000000, 5.000000, , 
Term:, 7, Threshold:, 0.750000, Fraction Width:, 8, MRE:, 0.002176, Coefficient:, 1.000000, 1.000000, 0.500000, 0.250000, -0.125000, 0.062500, 0.000000, , Order:, 0.000000, 1.000000, 2.000000, 3.000000, 4.000000, 5.000000, 5.000000, , 
Term:, 7, Threshold:, 0.875000, Fraction Width:, 8, MRE:, 0.002176, Coefficient:, 1.000000, 1.000000, 0.500000, 0.250000, -0.125000, 0.062500, 0.000000, , Order:, 0.000000, 1.000000, 2.000000, 3.000000, 4.000000, 5.000000, 5.000000, , 


=========================================================================================
Term:, 7, Threshold:, 0.125000, Fraction Width:, 12, MRE:, 0.012806, Coefficient:, 1.000000, 1.000000, 0.500000, 0.250000, 0.125000, 0.000000, 0.000000, , Order:, 0.000000, 1.000000, 2.000000, 3.000000, 4.000000, 4.000000, 4.000000, , 
Term:, 7, Threshold:, 0.250000, Fraction Width:, 12, MRE:, 0.002951, Coefficient:, 1.000000, 1.000000, 0.500000, 0.250000, 0.125000, -0.062500, 0.000000, , Order:, 0.000000, 1.000000, 2.000000, 3.000000, 4.000000, 5.000000, 5.000000, , 
Term:, 7, Threshold:, 0.375000, Fraction Width:, 12, MRE:, 0.001141, Coefficient:, 1.000000, 1.000000, 0.500000, 0.250000, 0.125000, -0.062500, -0.031250, , Order:, 0.000000, 1.000000, 2.000000, 3.000000, 4.000000, 5.000000, 5.000000, , 
Term:, 7, Threshold:, 0.500000, Fraction Width:, 12, MRE:, 0.000485, Coefficient:, 1.000000, 1.000000, 0.500000, 0.250000, -0.125000, -0.062500, -0.031250, , Order:, 0.000000, 1.000000, 2.000000, 3.000000, 4.000000, 5.000000, 5.000000, , 
Term:, 7, Threshold:, 0.625000, Fraction Width:, 12, MRE:, 0.000336, Coefficient:, 1.000000, 1.000000, 0.500000, 0.250000, -0.125000, -0.062500, 0.031250, , Order:, 0.000000, 1.000000, 2.000000, 3.000000, 4.000000, 5.000000, 5.000000, , 
Term:, 7, Threshold:, 0.750000, Fraction Width:, 12, MRE:, 0.000336, Coefficient:, 1.000000, 1.000000, 0.500000, 0.250000, -0.125000, -0.062500, 0.031250, , Order:, 0.000000, 1.000000, 2.000000, 3.000000, 4.000000, 5.000000, 5.000000, , 
Term:, 7, Threshold:, 0.875000, Fraction Width:, 12, MRE:, 0.000336, Coefficient:, 1.000000, 1.000000, 0.500000, 0.250000, -0.125000, -0.062500, 0.031250, , Order:, 0.000000, 1.000000, 2.000000, 3.000000, 4.000000, 5.000000, 5.000000, , 


=========================================================================================
Term:, 7, Threshold:, 0.125000, Fraction Width:, 16, MRE:, 0.012033, Coefficient:, 1.000000, 1.000000, 0.500000, 0.250000, 0.125000, 0.000000, 0.000000, , Order:, 0.000000, 1.000000, 2.000000, 3.000000, 4.000000, 4.000000, 4.000000, , 
Term:, 7, Threshold:, 0.250000, Fraction Width:, 16, MRE:, 0.002643, Coefficient:, 1.000000, 1.000000, 0.500000, 0.250000, 0.125000, -0.062500, 0.031250, , Order:, 0.000000, 1.000000, 2.000000, 3.000000, 4.000000, 5.000000, 5.000000, , 
Term:, 7, Threshold:, 0.375000, Fraction Width:, 16, MRE:, 0.001288, Coefficient:, 1.000000, 1.000000, 0.500000, 0.250000, 0.125000, -0.062500, -0.031250, , Order:, 0.000000, 1.000000, 2.000000, 3.000000, 4.000000, 5.000000, 5.000000, , 
Term:, 7, Threshold:, 0.500000, Fraction Width:, 16, MRE:, 0.000478, Coefficient:, 1.000000, 1.000000, 0.500000, 0.250000, -0.125000, -0.062500, -0.031250, , Order:, 0.000000, 1.000000, 2.000000, 3.000000, 4.000000, 5.000000, 5.000000, , 
Term:, 7, Threshold:, 0.625000, Fraction Width:, 16, MRE:, 0.000352, Coefficient:, 1.000000, 1.000000, 0.500000, 0.250000, -0.125000, -0.062500, -0.031250, , Order:, 0.000000, 1.000000, 2.000000, 3.000000, 4.000000, 5.000000, 5.000000, , 
Term:, 7, Threshold:, 0.750000, Fraction Width:, 16, MRE:, 0.000352, Coefficient:, 1.000000, 1.000000, 0.500000, 0.250000, -0.125000, -0.062500, -0.031250, , Order:, 0.000000, 1.000000, 2.000000, 3.000000, 4.000000, 5.000000, 5.000000, , 
Term:, 7, Threshold:, 0.875000, Fraction Width:, 16, MRE:, 0.000352, Coefficient:, 1.000000, 1.000000, 0.500000, 0.250000, -0.125000, -0.062500, -0.031250, , Order:, 0.000000, 1.000000, 2.000000, 3.000000, 4.000000, 5.000000, 5.000000, , 





=========================================================================================
Term:, 8, Threshold:, 0.125000, Fraction Width:, 8, MRE:, 0.014525, Coefficient:, 1.000000, 1.000000, 0.500000, 0.250000, 0.125000, -0.062500, 0.000000, 0.000000, Order:, 0.000000, 1.000000, 2.000000, 3.000000, 4.000000, 5.000000, 5.000000, 5.000000, 
Term:, 8, Threshold:, 0.250000, Fraction Width:, 8, MRE:, 0.008321, Coefficient:, 1.000000, 1.000000, 0.500000, 0.250000, 0.125000, -0.062500, -0.031250, 0.000000, Order:, 0.000000, 1.000000, 2.000000, 3.000000, 4.000000, 5.000000, 5.000000, 5.000000, 
Term:, 8, Threshold:, 0.375000, Fraction Width:, 8, MRE:, 0.004717, Coefficient:, 1.000000, 1.000000, 0.500000, 0.250000, 0.125000, -0.062500, 0.000000, 0.000000, Order:, 0.000000, 1.000000, 2.000000, 3.000000, 4.000000, 5.000000, 5.000000, 5.000000, 
Term:, 8, Threshold:, 0.500000, Fraction Width:, 8, MRE:, 0.002329, Coefficient:, 1.000000, 1.000000, 0.500000, 0.250000, 0.125000, 0.000000, 0.000000, 0.000000, Order:, 0.000000, 1.000000, 2.000000, 3.000000, 4.000000, 4.000000, 4.000000, 4.000000, 
Term:, 8, Threshold:, 0.625000, Fraction Width:, 8, MRE:, 0.002177, Coefficient:, 1.000000, 1.000000, 0.500000, 0.250000, -0.125000, 0.062500, 0.000000, 0.000000, Order:, 0.000000, 1.000000, 2.000000, 3.000000, 4.000000, 5.000000, 5.000000, 5.000000, 
Term:, 8, Threshold:, 0.750000, Fraction Width:, 8, MRE:, 0.002176, Coefficient:, 1.000000, 1.000000, 0.500000, 0.250000, -0.125000, 0.062500, 0.000000, 0.000000, Order:, 0.000000, 1.000000, 2.000000, 3.000000, 4.000000, 5.000000, 5.000000, 5.000000, 
Term:, 8, Threshold:, 0.875000, Fraction Width:, 8, MRE:, 0.002176, Coefficient:, 1.000000, 1.000000, 0.500000, 0.250000, -0.125000, 0.062500, 0.000000, 0.000000, Order:, 0.000000, 1.000000, 2.000000, 3.000000, 4.000000, 5.000000, 5.000000, 5.000000, 


=========================================================================================
Term:, 8, Threshold:, 0.125000, Fraction Width:, 12, MRE:, 0.012806, Coefficient:, 1.000000, 1.000000, 0.500000, 0.250000, 0.125000, 0.000000, 0.000000, 0.000000, Order:, 0.000000, 1.000000, 2.000000, 3.000000, 4.000000, 4.000000, 4.000000, 4.000000, 
Term:, 8, Threshold:, 0.250000, Fraction Width:, 12, MRE:, 0.002951, Coefficient:, 1.000000, 1.000000, 0.500000, 0.250000, 0.125000, -0.062500, 0.000000, 0.000000, Order:, 0.000000, 1.000000, 2.000000, 3.000000, 4.000000, 5.000000, 5.000000, 5.000000, 
Term:, 8, Threshold:, 0.375000, Fraction Width:, 12, MRE:, 0.001141, Coefficient:, 1.000000, 1.000000, 0.500000, 0.250000, 0.125000, -0.062500, -0.031250, 0.000000, Order:, 0.000000, 1.000000, 2.000000, 3.000000, 4.000000, 5.000000, 5.000000, 5.000000, 
Term:, 8, Threshold:, 0.500000, Fraction Width:, 12, MRE:, 0.000484, Coefficient:, 1.000000, 1.000000, 0.500000, 0.250000, -0.125000, -0.062500, -0.031250, 0.015625, Order:, 0.000000, 1.000000, 2.000000, 3.000000, 4.000000, 5.000000, 5.000000, 5.000000, 
Term:, 8, Threshold:, 0.625000, Fraction Width:, 12, MRE:, 0.000333, Coefficient:, 1.000000, 1.000000, 0.500000, 0.250000, -0.125000, -0.062500, 0.031250, 0.015625, Order:, 0.000000, 1.000000, 2.000000, 3.000000, 4.000000, 5.000000, 5.000000, 5.000000, 
Term:, 8, Threshold:, 0.750000, Fraction Width:, 12, MRE:, 0.000332, Coefficient:, 1.000000, 1.000000, 0.500000, 0.250000, -0.125000, -0.062500, 0.031250, 0.015625, Order:, 0.000000, 1.000000, 2.000000, 3.000000, 4.000000, 5.000000, 5.000000, 5.000000, 
Term:, 8, Threshold:, 0.875000, Fraction Width:, 12, MRE:, 0.000332, Coefficient:, 1.000000, 1.000000, 0.500000, 0.250000, -0.125000, -0.062500, 0.031250, 0.015625, Order:, 0.000000, 1.000000, 2.000000, 3.000000, 4.000000, 5.000000, 5.000000, 5.000000, 


=========================================================================================
Term:, 8, Threshold:, 0.125000, Fraction Width:, 16, MRE:, 0.012033, Coefficient:, 1.000000, 1.000000, 0.500000, 0.250000, 0.125000, 0.000000, 0.000000, 0.000000, Order:, 0.000000, 1.000000, 2.000000, 3.000000, 4.000000, 4.000000, 4.000000, 4.000000, 
Term:, 8, Threshold:, 0.250000, Fraction Width:, 16, MRE:, 0.002147, Coefficient:, 1.000000, 1.000000, 0.500000, 0.250000, 0.125000, -0.062500, 0.031250, -0.015625, Order:, 0.000000, 1.000000, 2.000000, 3.000000, 4.000000, 5.000000, 5.000000, 5.000000, 
Term:, 8, Threshold:, 0.375000, Fraction Width:, 16, MRE:, 0.001288, Coefficient:, 1.000000, 1.000000, 0.500000, 0.250000, 0.125000, -0.062500, -0.031250, 0.000000, Order:, 0.000000, 1.000000, 2.000000, 3.000000, 4.000000, 5.000000, 5.000000, 5.000000, 
Term:, 8, Threshold:, 0.500000, Fraction Width:, 16, MRE:, 0.000470, Coefficient:, 1.000000, 1.000000, 0.500000, 0.250000, -0.125000, -0.062500, -0.031250, -0.015625, Order:, 0.000000, 1.000000, 2.000000, 3.000000, 4.000000, 5.000000, 5.000000, 5.000000, 
Term:, 8, Threshold:, 0.625000, Fraction Width:, 16, MRE:, 0.000350, Coefficient:, 1.000000, 1.000000, 0.500000, 0.250000, -0.125000, -0.062500, -0.031250, -0.015625, Order:, 0.000000, 1.000000, 2.000000, 3.000000, 4.000000, 5.000000, 5.000000, 5.000000, 
Term:, 8, Threshold:, 0.750000, Fraction Width:, 16, MRE:, 0.000350, Coefficient:, 1.000000, 1.000000, 0.500000, 0.250000, -0.125000, -0.062500, -0.031250, -0.015625, Order:, 0.000000, 1.000000, 2.000000, 3.000000, 4.000000, 5.000000, 5.000000, 5.000000, 
Term:, 8, Threshold:, 0.875000, Fraction Width:, 16, MRE:, 0.000350, Coefficient:, 1.000000, 1.000000, 0.500000, 0.250000, -0.125000, -0.062500, -0.031250, -0.015625, Order:, 0.000000, 1.000000, 2.000000, 3.000000, 4.000000, 5.000000, 5.000000, 5.000000, 




